# Time(ps)    MSD_potential 22(A^2)    MSD_potential 26(A^2)    MSD_pruned_1(A^2)    MSD_pruned_2(A^2)    MSD_pruned_3(A^2)
      0.0000       0.0000       0.0000       0.0000       0.0000       0.0000
      0.1000       1.3243       1.3479       1.3346       1.3089       1.3470
      0.2000       3.4936       3.4429       3.2699       3.4035       3.3189
      0.3000       5.8988       5.6569       5.4801       5.6315       5.4169
      0.4000       8.3087       8.1855       7.9348       7.7497       8.0639
      0.5000      11.0675      11.1436      10.1640      10.0607      10.7821
      0.6000      13.9109      13.7139      12.6927      12.4223      13.3470
      0.7000      17.0965      16.1266      15.1580      15.2355      15.9585
      0.8000      19.5115      19.4942      17.6639      18.3550      18.6057
      0.9000      22.4116      22.9842      20.0194      20.9144      21.2056
      1.0000      25.1852      26.3197      23.0464      24.0173      24.4713
      1.1000      28.5000      29.8726      25.5103      26.6117      27.2035
      1.2000      30.9366      32.4693      27.9772      28.5606      29.6865
      1.3000      33.4561      34.7896      30.9617      30.1344      32.7487
      1.4000      35.9206      37.6488      33.0944      32.7452      35.3029
      1.5000      38.3973      40.7088      34.5635      35.8206      37.6117
      1.6000      41.1571      43.2884      36.5690      38.2173      40.9790
      1.7000      42.7407      45.1387      38.8217      39.9886      43.7492
      1.8000      45.8030      46.6335      41.0150      41.8423      45.9950
      1.9000      49.1574      48.4319      43.6473      44.1807      47.6952
      2.0000      52.5175      50.8883      46.9238      46.5192      51.0845
      2.1000      56.3287      53.3288      49.9220      49.6777      53.4100
      2.2000      60.2905      55.5319      52.6798      52.6008      56.1508
      2.3000      63.9727      58.6090      56.0902      56.6175      59.0999
      2.4000      66.0501      61.3636      59.4403      59.8580      62.1669
      2.5000      68.9815      62.8629      62.8517      63.3606      64.0940
      2.6000      71.7382      64.9131      65.5132      66.9570      67.2307
      2.7000      75.7565      68.0935      68.3231      69.8095      70.5828
      2.8000      78.7457      72.1126      70.6781      72.6155      74.1841
      2.9000      79.6703      76.0704      73.2968      74.6222      77.5841
      3.0000      81.3495      79.5171      76.1722      75.9920      81.6436
      3.1000      85.1773      82.1751      79.6661      79.4160      85.9777
      3.2000      87.4196      84.5912      83.2003      82.4591      89.6220
      3.3000      89.0961      87.3852      86.3326      85.8206      93.2479
      3.4000      91.2619      87.9976      88.9083      87.6945      96.1493
      3.5000      96.0293      89.6567      89.7244      88.9759      97.6909
      3.6000     100.7639      90.9512      92.2039      91.9205      99.1511
      3.7000     105.5374      92.3283      94.0356      94.6799     101.4553
      3.8000     109.2927      94.4803      94.2352      97.5394     103.9077
      3.9000     112.0100      97.6580      95.8245      99.5914     106.6323
      4.0000     116.7537     101.1845      98.6663     101.9616     108.5829
      4.1000     120.9131     103.7195     100.7571     105.2518     110.5652
      4.2000     124.4842     106.7905     103.1374     106.5696     112.6698
      4.3000     127.0629     111.5877     106.8220     107.6892     116.1337
      4.4000     130.5950     116.0624     109.2893     108.8045     119.5455
      4.5000     134.8967     118.8632     112.2737     111.4490     122.1317
      4.6000     137.9636     122.1232     114.2140     115.3380     125.7644
      4.7000     139.4843     123.2389     116.6507     118.7103     129.8620
      4.8000     141.1574     125.6479     118.5622     121.4448     133.1171
      4.9000     141.7852     127.2427     120.4312     124.5964     134.9955
      5.0000     142.9447     130.3714     121.0131     127.6315     138.3417
      5.1000     144.4677     132.8719     123.0465     130.8593     141.2020
      5.2000     144.4633     135.4997     126.4546     132.8548     144.3055
      5.3000     147.4300     136.6226     128.5742     135.8589     146.5233
      5.4000     148.5612     138.5376     130.5472     137.7333     148.5179
      5.5000     150.6624     141.6031     133.3573     140.1616     149.0082
      5.6000     152.5112     143.7666     135.5466     142.2591     150.7839
      5.7000     155.1236     146.6238     138.2446     144.1494     152.4787
      5.8000     156.9869     149.5305     139.4244     147.0665     155.0809
      5.9000     159.0951     153.0181     142.0179     149.3767     158.2220
      6.0000     159.3945     154.3493     144.1176     151.0591     160.1494
      6.1000     159.8109     157.5238     147.1092     153.6794     161.4205
      6.2000     162.4256     158.9362     151.0943     155.9959     163.2802
      6.3000     164.4559     161.9156     155.1291     157.5072     166.1692
      6.4000     166.2000     164.2735     158.7907     161.2833     166.9779
      6.5000     169.5577     164.3822     161.7900     164.6720     168.2202
      6.6000     172.3312     167.5066     164.0701     169.1964     169.8742
      6.7000     172.8417     170.6125     166.8773     173.0285     171.9128
      6.8000     173.3348     170.2518     167.7424     177.0304     175.0713
      6.9000     175.7532     172.0567     169.9799     179.6958     180.0664
      7.0000     180.4587     174.0336     170.3813     182.4193     182.4851
      7.1000     183.0365     177.2810     170.2191     183.0460     184.6987
      7.2000     187.7631     181.9472     172.4651     182.8576     186.6181
      7.3000     190.2505     184.7738     174.8590     185.5196     189.8946
      7.4000     191.1872     185.8874     175.8073     188.2569     191.2570
      7.5000     194.2869     188.4267     177.7223     190.9254     194.0368
      7.6000     196.3568     188.7632     179.9971     192.6472     196.2760
      7.7000     200.1880     190.4425     183.1348     194.3253     198.8088
      7.8000     203.1451     191.4921     188.3601     198.2924     200.1042
      7.9000     205.4543     195.9915     192.0746     201.8517     202.5652
      8.0000     208.1881     199.6312     195.3654     205.5377     206.7455
      8.1000     210.4635     201.0325     199.4397     208.5272     210.1025
      8.2000     213.4529     202.8363     201.3547     212.4718     211.4971
      8.3000     218.4504     206.4926     202.6212     214.9236     216.6537
      8.4000     219.9764     208.7972     203.3073     218.9651     221.5656
      8.5000     223.5098     212.7809     206.7505     221.5913     226.8638
      8.6000     225.4881     214.9484     209.8940     222.4719     229.0605
      8.7000     226.4950     217.6057     212.1653     224.5490     230.5077
      8.8000     230.9457     219.0037     213.7887     227.4532     234.0444
      8.9000     234.4255     219.9439     215.5797     232.7440     235.5525
      9.0000     237.3917     220.9813     217.5930     236.5323     236.0205
      9.1000     242.6647     222.5323     221.8712     237.9389     238.0891
      9.2000     246.5405     223.5347     225.4643     239.1838     240.6964
      9.3000     249.9325     228.5495     227.1327     242.1175     245.5113
      9.4000     254.9715     231.6185     228.8185     246.4746     246.9870
      9.5000     257.4801     233.0153     230.7374     249.2035     249.3124
      9.6000     259.2162     234.2441     231.6174     252.5631     250.6942
      9.7000     263.3700     236.7661     232.5358     256.6933     252.5025
      9.8000     266.2506     239.9022     235.1724     260.5872     255.6741
      9.9000     269.5812     242.8352     240.3481     264.3339     258.7302
     10.0000     273.3769     247.0528     244.6317     267.7406     261.5820
     10.1000     276.7493     252.7947     246.8906     270.8211     262.8670
     10.2000     277.6028     255.8564     252.5316     272.2832     263.1673
     10.3000     279.9001     256.1046     256.7168     273.7791     264.6163
     10.4000     282.4674     259.3768     260.3635     276.5367     265.2668
     10.5000     284.1092     262.3095     260.4788     279.9568     266.4008
     10.6000     287.6437     264.9012     260.6930     282.2260     268.7625
     10.7000     291.5710     264.9935     263.5771     284.1362     269.0647
     10.8000     293.2867     267.1917     265.3458     286.6956     270.3524
     10.9000     297.0970     269.1640     266.4472     288.8568     271.2356
     11.0000     298.7751     270.3037     270.0819     289.1611     269.0466
     11.1000     303.2196     270.5647     272.3892     290.1113     267.9338
     11.2000     305.6365     273.0124     274.8640     293.7648     269.9002
     11.3000     308.1147     277.5119     276.9754     298.5686     270.1966
     11.4000     312.6975     280.1730     278.9276     302.2305     272.1430
     11.5000     314.4551     282.4816     281.9608     303.4452     274.5486
     11.6000     317.9866     285.3433     284.5157     307.8817     278.4675
     11.7000     320.7040     292.1483     287.1027     308.7150     282.0945
     11.8000     322.5219     293.4485     292.9919     307.4032     286.8629
     11.9000     326.7321     292.6218     295.3826     308.7385     287.8541
     12.0000     330.8113     294.7505     295.8862     312.3705     287.6331
     12.1000     334.1249     297.7541     296.0279     315.3618     290.1962
     12.2000     341.2281     302.1828     299.6079     317.8227     295.0789
     12.3000     343.9555     305.3289     302.6137     320.6971     298.3839
     12.4000     347.4328     308.9043     306.7250     325.7658     301.1940
     12.5000     348.1252     310.8158     311.3506     326.6709     300.8673
     12.6000     351.0071     315.6034     314.0836     328.5836     304.3161
     12.7000     353.9637     321.4508     316.1949     331.1426     305.0616
     12.8000     358.7726     325.5991     318.9164     333.8304     305.2555
     12.9000     362.2372     328.0557     321.5588     333.9438     308.2805
     13.0000     366.3680     328.5848     324.4606     335.3796     309.6443
     13.1000     369.2768     331.4295     326.9800     337.6472     309.3089
     13.2000     372.8412     331.4291     328.0612     341.3086     311.4354
     13.3000     375.2223     333.6952     332.0951     343.7853     314.5182
     13.4000     378.6447     331.3646     334.3965     345.3280     317.0075
     13.5000     383.3417     331.4033     336.7478     347.2670     316.0012
     13.6000     386.7492     336.6609     340.1422     349.1717     319.5060
     13.7000     389.5660     341.2617     342.1429     351.6431     320.4234
     13.8000     390.7533     344.7963     343.1165     354.5041     323.1734
     13.9000     391.2302     347.5818     344.1667     360.1478     327.0783
     14.0000     393.3822     349.4875     342.8435     364.7881     330.1273
     14.1000     396.2130     352.9467     345.2506     369.4436     330.3826
     14.2000     398.7825     354.8666     345.8516     371.5231     329.3408
     14.3000     401.0740     357.2014     346.5012     373.7900     330.8917
     14.4000     401.9867     358.5600     349.6538     375.9744     333.7313
     14.5000     402.8037     363.2985     350.5760     375.5302     337.5768
     14.6000     403.6497     367.6520     354.2609     378.1968     342.0913
     14.7000     406.0270     370.9471     357.9805     380.7174     346.2584
     14.8000     407.2752     370.1449     360.9142     382.4887     350.2628
     14.9000     410.1002     374.3291     364.7898     384.8117     353.5259
     15.0000     410.2135     376.3506     365.6174     392.0042     354.6783
     15.1000     409.0252     382.5410     368.6009     394.5446     355.1291
     15.2000     407.8373     384.7320     368.2647     397.0177     359.0498
     15.3000     407.6926     388.8970     371.3382     398.9096     362.3955
     15.4000     412.6496     395.7226     374.7572     398.3486     366.8719
     15.5000     416.9297     401.4121     377.2777     400.2907     369.8495
     15.6000     420.6773     406.1768     379.2560     400.4646     369.4003
     15.7000     423.8683     408.9185     381.7769     404.3998     369.6965
     15.8000     426.6602     412.9937     384.4084     407.8683     372.4739
     15.9000     427.2357     413.9502     387.5942     414.8413     374.4353
     16.0000     429.9290     419.1783     391.5629     418.6766     377.6149
     16.1000     431.7106     425.3817     391.9012     422.1437     379.5828
     16.2000     433.5166     428.3385     393.8157     428.2239     380.2656
     16.3000     433.8225     430.2637     397.6003     432.1730     381.8222
     16.4000     438.9868     435.6791     400.2952     434.5734     382.3969
     16.5000     443.9696     438.6964     402.9488     436.6773     385.6172
     16.6000     445.8135     443.6043     405.1760     442.1508     387.7881
     16.7000     444.9146     447.2273     405.6662     449.2400     389.8968
     16.8000     444.9512     452.6239     409.6630     454.9766     393.1836
     16.9000     447.2291     456.3856     412.6784     458.3453     394.4320
     17.0000     450.4480     459.6144     415.0859     458.6733     396.4034
     17.1000     455.3596     462.6114     417.7017     462.0105     398.2285
     17.2000     457.4455     466.2374     418.5924     465.2152     400.1477
     17.3000     455.8527     472.5646     418.1567     465.3472     405.4534
     17.4000     455.7539     475.8203     419.5577     467.3234     410.9903
     17.5000     457.8880     480.2596     421.1688     470.1617     415.4508
     17.6000     458.9223     484.8347     422.9415     473.8471     418.1730
     17.7000     459.2320     490.7945     424.8031     477.5321     422.7008
     17.8000     463.0740     498.0732     426.1980     478.7618     427.8291
     17.9000     468.7553     500.3858     427.7390     483.4337     433.4706
     18.0000     468.7433     503.0309     429.6432     485.6065     437.2180
     18.1000     473.1114     508.1657     433.6288     491.4622     437.4486
     18.2000     476.6599     511.2332     437.8183     497.7559     436.8745
     18.3000     478.7349     512.4232     437.7121     501.1363     436.4897
     18.4000     480.6828     513.6985     438.5658     501.1688     438.5582
     18.5000     481.6259     511.8156     440.0739     503.4978     439.1499
     18.6000     487.1753     511.5536     440.7935     503.7739     440.0470
     18.7000     491.0533     515.0439     442.2079     503.5422     442.8022
     18.8000     493.2444     515.1146     446.4547     503.6377     443.1126
     18.9000     497.3418     516.3239     448.6628     504.7884     445.9297
     19.0000     499.0035     520.5991     450.1525     501.9481     448.9153
     19.1000     500.4397     523.9139     452.7243     499.6631     453.4918
     19.2000     503.8710     528.9559     452.8020     496.9247     455.6296
     19.3000     507.7234     532.8271     456.1424     494.6886     458.2843
     19.4000     509.8440     536.1700     456.7990     494.3611     462.8272
     19.5000     511.9138     535.9317     457.9660     494.8369     465.7253
     19.6000     514.9543     539.3253     463.1141     495.4367     470.8616
     19.7000     517.9049     539.3100     465.6896     497.9107     477.8371
     19.8000     519.1893     541.4146     466.4719     500.6979     481.1226
     19.9000     522.5813     547.0092     465.5832     501.7371     484.3361
     20.0000     525.4692     550.8752     466.4414     504.4695     486.3453
     20.1000     531.6902     550.1774     466.7878     505.2666     488.7163
     20.2000     535.6331     552.5229     465.7623     507.7765     490.1712
     20.3000     537.5247     554.0954     466.7270     510.1167     493.5890
     20.4000     538.5161     560.3773     468.4317     512.6495     495.2090
     20.5000     537.9514     562.5215     471.2673     514.0627     498.8497
     20.6000     539.0748     566.9443     473.5097     517.6293     507.7954
     20.7000     543.2122     572.2230     474.2682     522.9470     509.4544
     20.8000     548.6571     575.4870     475.7945     523.9536     512.7059
     20.9000     550.6154     577.6081     476.6041     527.6541     512.8488
     21.0000     552.2021     580.7749     479.7961     532.2732     517.5566
     21.1000     552.3255     583.1706     480.8049     536.0895     521.2158
     21.2000     555.4791     586.9034     480.4936     540.4774     523.3320
     21.3000     558.2690     591.4972     481.2040     542.5063     527.7410
     21.4000     557.8823     591.4621     484.5613     545.2587     530.2182
     21.5000     562.3259     592.7778     485.2266     545.0859     531.8160
     21.6000     562.6547     596.9560     487.3907     546.9344     530.8854
     21.7000     560.7958     603.9230     489.0197     550.8292     533.1873
     21.8000     564.2483     609.7704     492.8734     554.7170     535.2528
     21.9000     567.7973     614.1058     492.0836     557.3024     542.5979
     22.0000     573.0348     616.0254     493.8636     561.2912     549.5652
     22.1000     576.6272     616.7076     494.2348     564.3160     553.3918
     22.2000     578.8216     619.5406     497.7655     567.8069     555.6565
     22.3000     581.5967     623.2934     498.0734     568.1813     558.3568
     22.4000     582.6688     625.0833     500.2807     569.3055     562.2200
     22.5000     585.1399     624.2784     503.9522     570.1038     567.0065
     22.6000     585.4960     622.9294     506.3770     570.5125     568.5957
     22.7000     587.4889     626.3878     508.8997     573.0397     572.6638
     22.8000     587.1622     624.9156     513.2769     572.5571     574.6531
     22.9000     584.9548     627.4173     516.6602     572.9468     578.0057
     23.0000     587.0874     630.7565     518.0711     573.9168     580.4111
     23.1000     589.1874     631.7474     523.0364     576.4309     582.6990
     23.2000     593.1704     633.7624     527.4431     575.4207     589.2930
     23.3000     597.1324     634.8723     530.6008     580.1373     592.5147
     23.4000     595.2245     635.2009     533.5291     586.4808     592.2411
     23.5000     596.1557     637.4348     537.3531     586.5640     595.8626
     23.6000     599.0110     637.3992     541.6954     588.6270     599.6023
     23.7000     602.9188     644.2833     543.2525     590.9867     602.9928
     23.8000     601.3421     649.0972     546.0454     596.2739     605.8079
     23.9000     601.4711     653.6658     545.8324     602.3842     607.5385
     24.0000     603.4598     655.9424     546.8931     605.4977     610.4346
     24.1000     606.3020     657.4682     547.9946     608.8624     611.4726
     24.2000     605.5644     662.1010     550.2188     608.5905     611.6667
     24.3000     610.4590     664.8865     552.4866     609.5709     613.3726
     24.4000     611.1197     666.8397     554.1488     610.8704     614.2731
     24.5000     609.2667     667.8589     557.8964     611.6153     619.1833
     24.6000     611.7653     667.6564     557.4288     613.2578     618.9437
     24.7000     618.7997     670.0922     561.1862     611.8992     619.8071
     24.8000     623.7575     673.2445     563.2828     612.9508     621.0012
     24.9000     628.7397     678.1173     567.7624     614.8962     622.0472
     25.0000     630.3599     678.8896     570.5966     618.1357     623.8616
     25.1000     634.9260     683.0810     575.8454     621.4827     628.2203
     25.2000     637.4559     686.9624     578.7559     626.6915     633.5104
     25.3000     640.3731     692.3707     579.2812     627.1874     637.4372
     25.4000     644.4140     695.9362     577.0469     629.8950     636.3671
     25.5000     645.9621     698.7528     580.6627     634.2348     640.1786
     25.6000     647.5491     702.0530     583.7698     634.6328     643.7647
     25.7000     647.5916     703.9641     584.7063     634.8804     650.1302
     25.8000     647.3447     707.0010     588.2836     636.8846     656.0847
     25.9000     651.0790     707.9827     591.0632     637.3219     656.4411
     26.0000     652.3865     708.4005     593.3528     638.0004     658.4376
     26.1000     653.8884     709.0011     594.2503     637.0253     659.7736
     26.2000     656.7803     711.9079     594.2325     638.0042     665.4709
     26.3000     659.6537     717.6240     599.5618     640.7134     668.8701
     26.4000     663.1915     722.6529     607.8961     643.3364     670.3015
     26.5000     664.8923     725.4047     611.7221     649.3679     674.4058
     26.6000     666.8406     728.1957     612.6898     652.4015     677.8003
     26.7000     668.0789     733.8814     617.1235     656.0722     681.7064
     26.8000     668.2241     734.4548     620.2315     659.0294     685.1559
     26.9000     671.3298     734.4368     619.5818     660.5485     690.5942
     27.0000     674.0880     736.2620     620.8508     660.8265     694.8445
     27.1000     676.4897     741.5991     622.5259     658.3086     699.8118
     27.2000     680.1147     745.9464     627.8906     658.7086     701.9269
     27.3000     682.4640     749.0134     630.6117     659.8180     704.1108
     27.4000     686.4706     752.0900     634.3152     662.1694     707.8941
     27.5000     688.4758     754.2725     637.8625     664.9880     710.3738
     27.6000     692.8961     754.7244     640.8199     668.0959     708.3550
     27.7000     698.7072     759.4387     645.1937     670.5454     704.5179
     27.8000     705.4182     761.6048     645.8456     667.0508     705.4385
     27.9000     709.2552     762.5540     649.3722     665.9332     711.2138
     28.0000     713.8765     765.8542     650.2179     668.2395     717.2958
     28.1000     713.9725     770.3489     650.3991     672.2755     718.1683
     28.2000     712.9358     774.4758     651.5589     676.7917     720.0200
     28.3000     715.4070     778.6032     651.3254     679.6868     719.7840
     28.4000     718.7472     783.5645     649.4660     679.0560     718.4605
     28.5000     725.1000     787.9966     655.8600     680.8906     717.1149
     28.6000     725.9247     794.1451     659.5995     680.3089     715.9661
     28.7000     729.3522     799.2732     662.6445     681.7568     720.9786
     28.8000     732.2691     804.6557     664.3333     684.6827     727.5762
     28.9000     737.0678     809.9059     665.0285     687.2685     732.1564
     29.0000     741.1091     818.7548     665.6573     686.5881     739.9879
     29.1000     743.4964     823.8106     669.1236     687.8181     748.7450
     29.2000     747.2251     828.0173     674.0053     691.0411     756.6788
     29.3000     750.9803     835.4814     675.9321     692.8141     764.7640
     29.4000     755.3831     835.9068     679.4830     694.7215     766.8571
     29.5000     757.0396     837.7433     682.6032     696.4382     768.9804
     29.6000     758.9178     838.9267     683.5639     696.9708     770.7441
     29.7000     761.0110     840.3472     688.5773     697.5441     772.9661
     29.8000     762.3410     850.8677     692.7336     697.8450     779.0790
     29.9000     767.1053     857.1665     694.0742     698.1093     783.5017
     30.0000     771.1591     860.8395     696.1088     700.5966     783.9905
     30.1000     776.2191     860.0227     697.9622     703.5624     785.6398
     30.2000     781.3157     863.7269     698.6832     703.8685     783.8745
     30.3000     782.9844     870.1931     698.5644     708.2685     784.4836
     30.4000     786.3617     874.7750     701.3644     709.1616     783.4969
     30.5000     788.0464     877.0883     704.6049     710.7671     782.8945
     30.6000     792.8882     883.9828     706.6690     710.1078     785.9197
     30.7000     794.4255     891.4831     709.2635     709.0364     785.0146
     30.8000     799.3666     891.7394     711.6729     712.7864     789.3841
     30.9000     801.8929     895.0659     714.4438     713.8361     789.7697
     31.0000     803.7680     898.5142     715.9423     714.0515     791.6718
     31.1000     805.4105     904.8904     717.8898     716.9310     791.1893
     31.2000     808.2906     910.5180     718.7032     719.4384     791.4177
     31.3000     815.0916     911.6769     717.4324     722.6481     790.0307
     31.4000     816.6747     913.6511     719.7159     724.2026     791.8788
     31.5000     821.6335     918.3660     724.7099     729.7354     789.7390
     31.6000     824.4117     919.7537     728.4171     731.7548     787.7076
     31.7000     826.6902     924.4453     728.5262     732.5577     788.9031
     31.8000     829.9103     930.0000     729.0228     732.0048     790.2758
     31.9000     832.7678     935.0156     730.7805     729.7352     788.6292
     32.0000     837.6289     937.7617     732.6785     729.6774     789.8754
     32.1000     846.7321     938.6534     737.5636     732.7805     795.4026
     32.2000     854.4284     941.8976     736.0991     734.0599     800.5001
     32.3000     857.0001     947.2808     740.0773     738.9647     807.3362
     32.4000     862.2645     952.4551     748.0737     741.6091     808.2464
     32.5000     866.9219     954.8813     755.8921     745.3974     806.0276
     32.6000     871.2718     953.1586     757.5470     746.8738     809.1166
     32.7000     873.4978     951.9450     756.7023     747.3898     814.1507
     32.8000     874.7230     957.5379     756.3872     748.0913     813.2956
     32.9000     878.7130     963.2495     760.5435     748.6165     817.4611
     33.0000     879.1639     964.2164     763.6088     751.0175     826.5712
     33.1000     883.7476     969.8345     772.5443     754.1852     830.2117
     33.2000     882.1093     975.6104     776.2935     756.1019     834.3699
     33.3000     882.2284     979.4940     777.7542     755.6735     836.2493
     33.4000     882.4434     981.9844     782.4044     756.0435     838.3741
     33.5000     888.2216     986.5081     787.6068     756.6114     842.7040
     33.6000     893.1482     992.9026     791.2538     759.2427     850.2816
     33.7000     896.3510     999.1649     789.8218     763.6531     851.5317
     33.8000     901.3395    1001.1063     786.9742     766.6370     855.5417
     33.9000     904.4103    1002.7917     784.2277     771.3148     858.3019
     34.0000     905.9285    1004.1699     783.9453     778.0878     860.3018
     34.1000     906.9760    1004.8786     786.0121     781.6262     857.2993
     34.2000     909.7078    1011.0749     786.1738     785.1790     860.5751
     34.3000     914.0878    1012.4657     785.8152     788.8624     858.8012
     34.4000     913.1718    1017.5410     791.0770     791.9086     855.9365
     34.5000     918.3633    1022.6660     791.7230     794.9958     851.8922
     34.6000     925.1988    1025.8110     795.3280     795.0627     850.6114
     34.7000     928.0464    1026.7532     794.8345     794.3378     850.3552
     34.8000     931.6925    1025.9720     794.3504     795.9421     851.6113
     34.9000     937.5258    1026.6047     790.5435     794.1683     855.1137
     35.0000     946.2224    1023.1931     788.0835     794.8083     858.5029
     35.1000     948.4069    1023.1269     786.0525     795.0995     860.0676
     35.2000     950.3335    1024.6281     784.4672     796.7601     863.2458
     35.3000     952.3383    1026.3042     781.6738     799.7322     865.2624
     35.4000     954.4654    1030.9846     784.2196     800.9421     865.7587
     35.5000     960.7056    1034.3188     787.9579     802.0804     864.8215
     35.6000     963.8785    1037.5120     790.0917     804.6230     864.0275
     35.7000     968.2458    1036.2321     792.7582     801.1212     864.9376
     35.8000     972.9087    1038.3387     793.2711     800.4176     866.0893
     35.9000     974.1357    1041.9764     791.3250     801.5446     864.3882
     36.0000     976.6125    1041.1460     793.2551     803.0841     863.8934
     36.1000     977.8610    1042.3002     793.0078     808.2112     866.9682
     36.2000     979.7968    1040.5396     792.0441     806.5464     871.1559
     36.3000     981.8927    1040.6694     790.2034     807.5694     871.9199
     36.4000     982.0778    1039.7667     790.9269     808.4578     879.0013
     36.5000     981.9559    1041.6307     791.4468     812.5933     885.2756
     36.6000     981.1163    1044.6029     792.6435     816.3242     888.2745
     36.7000     984.5194    1049.5570     797.1964     817.5460     894.0125
     36.8000     990.3259    1052.8646     796.1991     821.6266     900.3322
     36.9000     993.9662    1051.6228     795.0598     823.8870     904.4758
     37.0000     998.0507    1052.6163     795.0536     825.2242     911.8754
     37.1000    1003.3391    1053.7677     796.6048     826.3432     916.1929
     37.2000    1009.0202    1060.1017     799.4603     825.6150     921.7093
     37.3000    1011.2742    1061.6122     802.5730     829.6157     925.9913
     37.4000    1011.8041    1063.1624     804.2858     830.1559     932.9874
     37.5000    1016.2081    1066.6396     807.0214     830.9586     934.0796
     37.6000    1016.9208    1069.4282     809.0640     830.8289     939.2433
     37.7000    1017.2410    1068.7972     813.8812     836.0745     941.4774
     37.8000    1025.9388    1070.5531     815.1304     839.4119     944.6487
     37.9000    1033.9598    1068.5706     818.1924     839.4544     951.0758
     38.0000    1037.8710    1069.2458     820.9550     842.4672     955.0642
     38.1000    1042.4731    1071.5142     825.6515     844.1017     961.4874
     38.2000    1044.2678    1080.1395     827.7565     846.6152     969.3518
     38.3000    1049.1388    1087.9956     827.0051     852.9294     971.9562
     38.4000    1053.3744    1092.4817     834.0635     860.1428     973.1839
     38.5000    1057.7212    1091.3407     837.4083     862.0014     976.4116
     38.6000    1062.7886    1090.8423     841.5546     862.9532     977.2039
     38.7000    1070.8882    1095.4257     841.5737     861.7991     980.2137
     38.8000    1078.3127    1098.8401     844.8064     858.8672     987.3723
     38.9000    1081.4506    1105.2507     847.8763     859.9702     992.6793
     39.0000    1083.9427    1111.2704     847.9718     861.8376     994.7133
     39.1000    1087.5618    1112.9161     848.6081     861.8582     994.3555
     39.2000    1082.7938    1119.3240     850.8337     863.0959     997.9961
     39.3000    1083.6884    1125.3582     851.9891     861.9886    1001.0413
     39.4000    1088.7502    1128.8127     853.4547     863.0571    1015.3198
     39.5000    1088.5474    1131.1519     857.7322     863.0803    1024.3080
     39.6000    1093.2695    1134.4438     862.7172     870.0413    1033.0753
     39.7000    1095.2545    1136.9368     864.3144     872.8393    1040.6033
     39.8000    1094.6771    1142.1682     865.7874     874.0231    1041.8251
     39.9000    1094.7368    1145.8871     865.9799     877.1976    1047.0968
     40.0000    1093.8663    1152.1484     869.0378     879.8442    1050.8853
     40.1000    1093.1602    1157.6454     871.9730     882.0394    1052.4916
     40.2000    1092.4661    1166.1764     873.2055     882.2070    1053.2113
     40.3000    1097.4286    1169.0979     878.9375     887.8373    1053.3174
     40.4000    1106.6525    1171.7238     885.6948     890.4130    1054.2531
     40.5000    1113.3038    1174.9963     884.4941     893.5999    1059.4834
     40.6000    1112.1868    1180.1079     884.1174     902.3368    1059.4340
     40.7000    1113.0436    1183.1108     887.4241     905.7070    1061.0115
     40.8000    1115.9086    1186.6721     892.2758     908.9908    1061.0985
     40.9000    1117.5409    1191.0779     897.0842     914.7620    1064.0673
     41.0000    1122.3649    1195.1949     904.0470     917.3246    1065.7052
     41.1000    1124.8226    1200.6226     910.0159     916.7364    1072.2435
     41.2000    1127.0493    1202.0826     916.9986     918.4254    1076.9478
     41.3000    1133.0142    1213.1150     920.3528     923.6780    1074.9076
     41.4000    1137.2966    1216.6422     921.9763     928.8540    1076.6221
     41.5000    1139.0618    1222.8474     927.4866     930.7518    1077.2321
     41.6000    1142.8643    1229.0061     932.2011     932.7765    1081.4807
     41.7000    1145.9047    1230.0636     938.5305     934.7800    1082.4224
     41.8000    1150.4146    1229.5826     941.4086     934.5906    1089.7837
     41.9000    1148.7821    1225.6505     944.2324     934.5837    1097.1504
     42.0000    1150.0155    1227.6508     949.5336     934.8098    1099.1858
     42.1000    1149.6619    1227.4432     948.7532     936.5386    1102.5465
     42.2000    1152.1376    1226.3187     951.2622     940.2416    1101.9789
     42.3000    1151.7913    1226.0500     951.2831     944.1837    1103.6903
     42.4000    1151.0532    1227.2924     951.3743     947.0816    1103.9626
     42.5000    1150.0201    1230.2120     952.0417     948.8866    1107.4226
     42.6000    1155.9291    1229.4393     956.2124     948.1039    1110.8741
     42.7000    1158.1494    1232.2277     960.5541     946.8583    1112.0614
     42.8000    1157.6127    1236.2853     964.4380     947.8315    1117.9187
     42.9000    1159.0203    1241.8818     968.3973     948.9606    1122.2354
     43.0000    1162.9725    1250.0032     972.3184     948.8405    1124.3593
     43.1000    1165.0068    1255.0483     976.2527     947.7775    1122.3029
     43.2000    1172.4751    1256.8430     975.6091     947.6191    1124.2570
     43.3000    1177.6072    1256.7714     974.4789     942.2571    1131.4061
     43.4000    1181.6079    1264.0193     972.1259     942.9544    1138.8022
     43.5000    1182.5439    1268.9280     975.9164     945.5120    1141.1230
     43.6000    1190.4351    1273.2623     978.7203     945.6163    1145.7566
     43.7000    1196.7505    1279.2041     981.3885     945.3207    1152.4233
     43.8000    1205.6677    1285.2931     981.9252     950.0750    1153.1541
     43.9000    1215.7245    1291.3131     980.8505     956.6287    1151.1072
     44.0000    1225.5342    1292.3517     983.8358     963.3634    1152.7942
     44.1000    1228.9766    1292.2141     984.4922     969.6202    1155.9342
     44.2000    1228.5032    1297.9510     988.2138     975.1350    1156.8927
     44.3000    1222.9303    1301.4678     992.5843     978.3921    1160.8010
     44.4000    1222.1213    1305.1588     994.8270     980.3022    1164.6624
     44.5000    1219.4052    1312.4305     997.6577     983.7399    1165.8763
     44.6000    1217.3488    1311.0951     999.7319     989.0861    1171.1772
     44.7000    1221.3330    1309.2368    1004.3410     993.4476    1175.2898
     44.8000    1219.7998    1314.5570    1004.0508    1000.1730    1178.5359
     44.9000    1219.5802    1320.9841    1007.2736    1000.6677    1177.9946
     45.0000    1219.8516    1332.7920    1009.8935    1002.5706    1180.9462
     45.1000    1221.2911    1336.2424    1011.6363    1007.2437    1186.4589
     45.2000    1223.3695    1340.8711    1015.6378    1013.8668    1191.9333
     45.3000    1225.8600    1341.4939    1020.2446    1020.0034    1196.8350
     45.4000    1226.0159    1341.3964    1023.7930    1026.5991    1203.7921
     45.5000    1231.9474    1342.8492    1029.5884    1029.4877    1211.4745
     45.6000    1235.1066    1344.6532    1028.8658    1028.9442    1215.3368
     45.7000    1236.6027    1348.5154    1027.4611    1029.5958    1219.8315
     45.8000    1235.8541    1348.5857    1023.9112    1032.8063    1216.7242
     45.9000    1234.4625    1350.4331    1021.4244    1034.2638    1215.4286
     46.0000    1240.6882    1351.4998    1021.5820    1030.6204    1213.8180
     46.1000    1244.9109    1357.5485    1021.3079    1033.1805    1213.4520
     46.2000    1244.4186    1362.8708    1023.8005    1037.0681    1214.3541
     46.3000    1248.2231    1367.2181    1024.1672    1042.2847    1221.9945
     46.4000    1249.0057    1371.4838    1024.1842    1042.2290    1220.7982
     46.5000    1249.9584    1369.0901    1029.8608    1041.6849    1223.5275
     46.6000    1248.2892    1369.6829    1031.0815    1038.8232    1225.2471
     46.7000    1246.5001    1371.6833    1028.7889    1044.0470    1228.1395
     46.8000    1248.8219    1374.0758    1026.9054    1050.5474    1231.7618
     46.9000    1246.7413    1380.1140    1028.1794    1058.6356    1232.6805
     47.0000    1249.3639    1385.5862    1027.7081    1060.9429    1241.9575
     47.1000    1254.1382    1384.3724    1030.9768    1062.3353    1246.4226
     47.2000    1253.0275    1383.0469    1032.5994    1062.0676    1250.2998
     47.3000    1256.8296    1386.2378    1033.2850    1064.1661    1252.8264
     47.4000    1259.0917    1385.8364    1031.8007    1067.1079    1254.0256
     47.5000    1264.6150    1380.9888    1033.2590    1069.8842    1256.7196
     47.6000    1270.4370    1384.9392    1032.7021    1072.7423    1258.4124
     47.7000    1271.2781    1390.5281    1035.3505    1076.8069    1259.4386
     47.8000    1276.6218    1397.8025    1036.6290    1085.8156    1263.4030
     47.9000    1283.6525    1400.8929    1038.3087    1092.0529    1262.5536
     48.0000    1285.5773    1402.3718    1039.5175    1095.1882    1272.3735
     48.1000    1290.9976    1408.2925    1042.2965    1097.1919    1276.1189
     48.2000    1294.3024    1405.7732    1043.2272    1095.5425    1284.1580
     48.3000    1295.2546    1403.1560    1045.5938    1099.8755    1294.8159
     48.4000    1299.7430    1405.8646    1049.6838    1104.2804    1301.3009
     48.5000    1304.6125    1408.3030    1050.0045    1108.0604    1308.1260
     48.6000    1312.7046    1406.1328    1048.8044    1109.7488    1312.6345
     48.7000    1312.6062    1405.3335    1048.9219    1112.6952    1315.2661
     48.8000    1309.5308    1406.8877    1051.7341    1113.2802    1321.3649
     48.9000    1307.7155    1411.4023    1057.9005    1121.6178    1325.2274
     49.0000    1308.1317    1415.7198    1056.2089    1126.5374    1330.5524
     49.1000    1305.1617    1421.4031    1057.8491    1134.2568    1339.0267
     49.2000    1305.8969    1428.0697    1058.2001    1132.5619    1344.4286
     49.3000    1306.8776    1433.7983    1059.0731    1130.7991    1350.5521
     49.4000    1308.3127    1438.7991    1057.8265    1135.1775    1359.1932
     49.5000    1308.4130    1438.9280    1058.0148    1142.6995    1366.1343
     49.6000    1305.3680    1442.0061    1058.0643    1147.8453    1367.5338
     49.7000    1306.2433    1439.5479    1063.7997    1152.5399    1368.3385
     49.8000    1310.8524    1442.9794    1068.4065    1153.0386    1372.6312
     49.9000    1314.7250    1442.6921    1072.8217    1159.0499    1372.2383
     50.0000    1317.7599    1437.2915    1074.0913    1164.7220    1376.7047
     50.1000    1323.8748    1437.6438    1081.2321    1170.7408    1375.9510
     50.2000    1329.0363    1434.7229    1083.5212    1171.2404    1374.7782
     50.3000    1329.9454    1435.8672    1087.8733    1174.0126    1376.6351
     50.4000    1330.5667    1442.5179    1090.2821    1175.2233    1381.9384
     50.5000    1338.4253    1446.5735    1088.7698    1180.5450    1385.8767
     50.6000    1340.3151    1443.9436    1090.8557    1179.4115    1388.0649
     50.7000    1341.7014    1443.6603    1094.6017    1180.6475    1389.5095
     50.8000    1343.0562    1446.3096    1098.6146    1183.5007    1392.9900
     50.9000    1345.4838    1448.4462    1098.3674    1185.9393    1393.4943
     51.0000    1347.2173    1447.7057    1097.3202    1188.2209    1397.4774
     51.1000    1348.2576    1450.3351    1094.2372    1193.4662    1402.3807
     51.2000    1347.9586    1451.3759    1094.7567    1194.9945    1405.9948
     51.3000    1348.6331    1452.5010    1092.4076    1198.5978    1408.1562
     51.4000    1346.7905    1449.4823    1093.4790    1200.6689    1416.5981
     51.5000    1348.0439    1449.0448    1098.8469    1197.7991    1423.2416
     51.6000    1346.5327    1445.9347    1104.0305    1198.1920    1426.7401
     51.7000    1343.9928    1447.6177    1104.8900    1207.5740    1424.1587
     51.8000    1349.0142    1450.7532    1108.7429    1206.3392    1421.3701
     51.9000    1355.3732    1450.1064    1112.0416    1205.6669    1420.6954
     52.0000    1359.3895    1456.6906    1113.8633    1202.0566    1425.8049
     52.1000    1360.8883    1456.4845    1115.6132    1199.9386    1427.2610
     52.2000    1363.3218    1456.7194    1117.5366    1197.9491    1424.8877
     52.3000    1369.9280    1454.7065    1119.3805    1200.1294    1431.8921
     52.4000    1375.9460    1450.2053    1119.7267    1200.5841    1440.1134
     52.5000    1377.9607    1451.2623    1121.3553    1201.7186    1448.5708
     52.6000    1385.8827    1460.3081    1122.1124    1204.5001    1450.8442
     52.7000    1390.0536    1464.2948    1125.7217    1206.6351    1457.5143
     52.8000    1396.5375    1467.2256    1128.0695    1210.2218    1466.2618
     52.9000    1394.5677    1473.4198    1132.2604    1209.3126    1474.3383
     53.0000    1398.7277    1476.9799    1137.6445    1211.7317    1477.0768
     53.1000    1399.4054    1475.0609    1141.4922    1221.0117    1480.9308
     53.2000    1404.4052    1476.6742    1140.7778    1225.8201    1489.3895
     53.3000    1408.2847    1476.5775    1142.0580    1227.4248    1500.3781
     53.4000    1410.4922    1480.6460    1143.6720    1227.6849    1507.6205
     53.5000    1414.6709    1484.8782    1143.4939    1230.5553    1509.3325
     53.6000    1417.3755    1492.8904    1146.6342    1235.4497    1516.3345
     53.7000    1416.9967    1498.8591    1153.4464    1237.5156    1519.7063
     53.8000    1413.8179    1503.2533    1155.8749    1240.1617    1525.8226
     53.9000    1414.3964    1506.2667    1159.7997    1239.8872    1530.2034
     54.0000    1414.7650    1506.4417    1163.7137    1240.4783    1534.6499
     54.1000    1417.7706    1504.3955    1164.5341    1242.1245    1543.8081
     54.2000    1422.6288    1502.3940    1166.3452    1247.0333    1547.1189
     54.3000    1428.1835    1502.8602    1167.5511    1249.4169    1549.4413
     54.4000    1434.9170    1508.1913    1169.6715    1254.1501    1553.9517
     54.5000    1437.5118    1511.6102    1173.5996    1255.8917    1558.4111
     54.6000    1447.7662    1514.9110    1176.3687    1254.9698    1560.5420
     54.7000    1450.4218    1520.0205    1182.0774    1255.8232    1558.9609
     54.8000    1452.2126    1520.6368    1186.5354    1260.1647    1564.2576
     54.9000    1459.4709    1524.3394    1190.1552    1267.4924    1568.2622
     55.0000    1464.5859    1524.6948    1190.2955    1269.6700    1572.9315
     55.1000    1469.1307    1530.0005    1196.1298    1272.8850    1579.2966
     55.2000    1475.0370    1535.3828    1199.9210    1277.4458    1583.9349
     55.3000    1475.3440    1543.6594    1204.5217    1281.3163    1586.7550
     55.4000    1473.7947    1551.0854    1208.9482    1286.9827    1589.2935
     55.5000    1473.0807    1556.5258    1214.0482    1291.7576    1587.1421
     55.6000    1479.8655    1562.3976    1217.4010    1292.8623    1590.3936
     55.7000    1483.1346    1565.4468    1217.9967    1296.9204    1590.4821
     55.8000    1487.4170    1572.0664    1223.4725    1297.8947    1595.9342
     55.9000    1492.2325    1576.7407    1229.8929    1301.0179    1604.5737
     56.0000    1494.2179    1584.2811    1229.4181    1307.8153    1613.0830
     56.1000    1498.9113    1587.1984    1226.0631    1308.5469    1624.8722
     56.2000    1505.4958    1587.0240    1226.3634    1314.6670    1632.6133
     56.3000    1513.8583    1585.5596    1236.1493    1320.8571    1635.4181
     56.4000    1522.0955    1590.1654    1242.6487    1322.7228    1644.6461
     56.5000    1536.5920    1594.4928    1248.7365    1322.6947    1653.1267
     56.6000    1544.0033    1604.6896    1251.2799    1327.0367    1659.2266
     56.7000    1549.2080    1612.1484    1253.3079    1334.4360    1660.9030
     56.8000    1553.7595    1621.1708    1260.6534    1336.1869    1665.7157
     56.9000    1559.0005    1625.3556    1266.0568    1340.3680    1667.2080
     57.0000    1558.3201    1630.2911    1269.2946    1343.7372    1673.5608
     57.1000    1562.4783    1638.5264    1270.6455    1341.3873    1681.2853
     57.2000    1565.7860    1645.3192    1274.7407    1349.5352    1691.1586
     57.3000    1572.7126    1657.9517    1281.4470    1349.8065    1692.3197
     57.4000    1582.0424    1663.7665    1286.4572    1354.6730    1697.4919
     57.5000    1578.8990    1667.5521    1289.2167    1358.5448    1704.7335
     57.6000    1579.1427    1668.5896    1294.4470    1367.1669    1706.2594
     57.7000    1577.4327    1671.0795    1299.7323    1366.5209    1712.9592
     57.8000    1575.1276    1671.2792    1301.6592    1366.8688    1715.0952
     57.9000    1573.4596    1679.4589    1304.6938    1366.6709    1717.1064
     58.0000    1576.5193    1685.9573    1311.2587    1370.2109    1721.8079
     58.1000    1580.0526    1683.5748    1316.4869    1372.7422    1729.6942
     58.2000    1591.1680    1681.1635    1313.1217    1371.0343    1728.8718
     58.3000    1593.4565    1680.1432    1310.5347    1373.4940    1726.6730
     58.4000    1597.5321    1684.5842    1308.6089    1379.7562    1724.7920
     58.5000    1598.9540    1691.9396    1310.4135    1385.9883    1722.4679
     58.6000    1602.6711    1702.0006    1312.9482    1387.2906    1721.1665
     58.7000    1608.0470    1710.7758    1313.5541    1389.9615    1728.9493
     58.8000    1612.3164    1717.9667    1316.7991    1391.8591    1733.1837
     58.9000    1620.0647    1726.8646    1319.9523    1393.1733    1740.0334
     59.0000    1624.9937    1734.6854    1325.3610    1392.9706    1746.1818
     59.1000    1625.0781    1731.7856    1331.6835    1398.0516    1749.7452
     59.2000    1625.5135    1739.4451    1331.1697    1401.2959    1748.7858
     59.3000    1630.3140    1745.5773    1336.1866    1406.8552    1755.2306
     59.4000    1630.7219    1752.9800    1334.0448    1412.0127    1757.7249
     59.5000    1635.3923    1755.7396    1333.2533    1414.7974    1758.3403
     59.6000    1638.8619    1759.6576    1335.9073    1417.9274    1756.6370
     59.7000    1641.7899    1761.9897    1339.3640    1420.8292    1756.8458
     59.8000    1640.1283    1766.5156    1345.1942    1426.3655    1754.3444
     59.9000    1643.2937    1766.8564    1346.0063    1429.2344    1756.6158
     60.0000    1641.2323    1767.3108    1347.7031    1435.0184    1762.7242
     60.1000    1642.3423    1773.5360    1354.4415    1441.3126    1765.5577
     60.2000    1645.7534    1771.1146    1359.3416    1446.8319    1760.6997
     60.3000    1646.9240    1771.1256    1367.1864    1450.3905    1760.2572
     60.4000    1648.5453    1773.9607    1373.3279    1451.1786    1759.4427
     60.5000    1645.7880    1778.0135    1373.2159    1452.7861    1764.4097
     60.6000    1649.7430    1790.5709    1373.7576    1452.7014    1769.5216
     60.7000    1656.0260    1797.7617    1371.8495    1452.3258    1771.3024
     60.8000    1659.1753    1796.6327    1372.1473    1455.2975    1773.2185
     60.9000    1661.8817    1800.9124    1370.5775    1458.3995    1777.4097
     61.0000    1663.5845    1808.6765    1370.8042    1461.2069    1776.6169
     61.1000    1669.3950    1814.5021    1370.5057    1463.0156    1778.4310
     61.2000    1672.7491    1817.7478    1375.0178    1462.6704    1780.1740
     61.3000    1684.4329    1820.7618    1375.9508    1464.2489    1790.3673
     61.4000    1691.7014    1829.1659    1381.4565    1466.8615    1789.5117
     61.5000    1700.9017    1831.4437    1390.2856    1467.6206    1788.8292
     61.6000    1703.1615    1834.6322    1387.7928    1469.8845    1792.6201
     61.7000    1707.2500    1839.3286    1382.5675    1473.7908    1796.3312
     61.8000    1715.2688    1843.0101    1386.4607    1473.8313    1799.4888
     61.9000    1719.6132    1844.1897    1390.3000    1481.6925    1800.9619
     62.0000    1721.8314    1847.3953    1396.6244    1492.0573    1804.5165
     62.1000    1727.0177    1852.2000    1400.6404    1497.9330    1806.6626
     62.2000    1728.7020    1856.4951    1400.1276    1501.7712    1811.5922
     62.3000    1733.5540    1862.8087    1399.3368    1504.4908    1810.7393
     62.4000    1736.2892    1863.9139    1402.8142    1504.2169    1803.7749
     62.5000    1739.9838    1864.8348    1406.0084    1506.1268    1799.4202
     62.6000    1744.8804    1870.5658    1408.2323    1503.3195    1803.5868
     62.7000    1749.8260    1881.0798    1413.1581    1504.1036    1803.9041
     62.8000    1758.2983    1884.1768    1414.2394    1512.3146    1804.8208
     62.9000    1763.9995    1886.2943    1416.9186    1517.9617    1805.2812
     63.0000    1767.6279    1891.1539    1416.2094    1517.1047    1805.1685
     63.1000    1773.7046    1890.0089    1415.9233    1518.0234    1804.0547
     63.2000    1779.3096    1888.3739    1419.5756    1516.5521    1809.6306
     63.3000    1788.4349    1887.6002    1422.3455    1516.7664    1809.2686
     63.4000    1792.3243    1887.5468    1425.8214    1514.9806    1812.2745
     63.5000    1799.5022    1894.5110    1429.0781    1515.7788    1814.9698
     63.6000    1805.6532    1901.5305    1437.6167    1516.5321    1815.6360
     63.7000    1810.8789    1901.9459    1440.9419    1519.4044    1811.2328
     63.8000    1816.9797    1905.7705    1440.4288    1523.7456    1808.4657
     63.9000    1822.8575    1909.6411    1440.2021    1528.4702    1807.4310
     64.0000    1825.1072    1912.1313    1444.5345    1525.8492    1810.1473
     64.1000    1829.7350    1912.4053    1448.7478    1530.2953    1812.0021
     64.2000    1832.2869    1913.4731    1450.8201    1531.1689    1810.5695
     64.3000    1829.6483    1911.3724    1454.3580    1534.0120    1817.7836
     64.4000    1833.0839    1906.0002    1453.7712    1537.0638    1829.6288
     64.5000    1830.6632    1905.3003    1455.6000    1538.3781    1836.6539
     64.6000    1830.8015    1908.6942    1459.4907    1542.7749    1839.6027
     64.7000    1834.3010    1907.1328    1462.7787    1542.3357    1844.7258
     64.8000    1834.4282    1905.9310    1460.5303    1538.4865    1848.8934
     64.9000    1837.0067    1905.9141    1461.0897    1543.0374    1849.0400
     65.0000    1840.1654    1907.8158    1461.4961    1544.5411    1848.1139
     65.1000    1844.2450    1907.0544    1465.0317    1544.4244    1843.3585
     65.2000    1844.5859    1907.4717    1469.2334    1545.9517    1838.6147
     65.3000    1847.5322    1911.9893    1471.0483    1547.0714    1837.3495
     65.4000    1849.6052    1918.0940    1473.5469    1546.6904    1837.0283
     65.5000    1853.4354    1921.1971    1479.9253    1548.4187    1838.8507
     65.6000    1855.5616    1927.4375    1483.4911    1550.1229    1842.0220
     65.7000    1858.9083    1925.8452    1484.2327    1549.6611    1839.8689
     65.8000    1860.3478    1927.2703    1487.4447    1552.8826    1837.6111
     65.9000    1860.4736    1932.3165    1495.9548    1558.3516    1841.1174
     66.0000    1867.0565    1933.0399    1502.5184    1562.9795    1847.2589
     66.1000    1876.6826    1942.1322    1507.0721    1567.2217    1849.5765
     66.2000    1878.8140    1942.3025    1505.7861    1573.9900    1851.7114
     66.3000    1879.5800    1939.3400    1509.0999    1577.8368    1854.8568
     66.4000    1871.0140    1942.9292    1511.7358    1589.4453    1852.3585
     66.5000    1875.0460    1949.5610    1512.1954    1595.7795    1848.3446
     66.6000    1879.6190    1951.5946    1512.7534    1598.0648    1852.2705
     66.7000    1882.0747    1954.5583    1511.5868    1600.6865    1850.2703
     66.8000    1886.8428    1954.6178    1518.1516    1600.0381    1849.6647
     66.9000    1889.3646    1956.3495    1521.6261    1600.4554    1849.6031
     67.0000    1896.5929    1966.0385    1522.0165    1600.0031    1852.4609
     67.1000    1906.1823    1976.6130    1521.9971    1600.1890    1858.5116
     67.2000    1907.3226    1981.0573    1523.7646    1601.0330    1864.7300
     67.3000    1910.3468    1982.1062    1528.0706    1605.3102    1864.4791
     67.4000    1909.7960    1984.3151    1537.0521    1607.5627    1865.7444
     67.5000    1913.3103    1988.2455    1540.9633    1607.5868    1872.7196
     67.6000    1919.2007    1989.7604    1544.2997    1605.0908    1873.2365
     67.7000    1920.0751    1992.5745    1546.4476    1608.6210    1872.8948
     67.8000    1921.5813    1991.4053    1550.1146    1615.5735    1875.9381
     67.9000    1925.0315    1993.2141    1555.7755    1618.8226    1874.8270
     68.0000    1928.2260    1995.0399    1560.4136    1625.4370    1874.0117
     68.1000    1929.8501    1996.5923    1563.8359    1627.3860    1875.8158
     68.2000    1933.5386    1992.8672    1571.6932    1634.3837    1883.4998
     68.3000    1941.0112    1992.7656    1571.5803    1644.0021    1889.5750
     68.4000    1940.9994    1995.1284    1566.3740    1650.4358    1895.5219
     68.5000    1942.4811    1992.5844    1573.2241    1655.6693    1903.7271
     68.6000    1948.6985    1997.1389    1579.8282    1655.9354    1906.7477
     68.7000    1950.3800    1996.2361    1586.3689    1659.8680    1910.8196
     68.8000    1947.7448    1996.0814    1593.4337    1658.8165    1911.9193
     68.9000    1950.2401    1992.5076    1598.2034    1655.6915    1916.5479
     69.0000    1949.6367    1994.5651    1601.5549    1655.9620    1918.1086
     69.1000    1953.1268    1996.8872    1605.5393    1662.7642    1916.4264
     69.2000    1951.0045    2003.1376    1608.4314    1674.0726    1922.2804
     69.3000    1961.6345    2011.7323    1611.1597    1679.0117    1925.3962
     69.4000    1969.0328    2013.7433    1617.6825    1684.9735    1934.7755
     69.5000    1977.5618    2020.2964    1621.9250    1684.1929    1938.0903
     69.6000    1981.3252    2023.9592    1635.5955    1690.3298    1935.8640
     69.7000    1981.3247    2026.6714    1647.2170    1689.7245    1938.7467
     69.8000    1984.8214    2034.0601    1655.4517    1694.8661    1940.8516
     69.9000    1990.0852    2046.4139    1667.9911    1697.9303    1945.3401
     70.0000    1992.0049    2062.5569    1675.7361    1699.4633    1941.3815
     70.1000    1991.2180    2067.1116    1683.5601    1704.0992    1936.7355
     70.2000    1993.8470    2074.1599    1687.4062    1705.8796    1933.2194
     70.3000    1993.3157    2081.2295    1693.8368    1707.3359    1930.5081
     70.4000    1998.5509    2081.4844    1700.5575    1707.5634    1931.5408
     70.5000    2003.0499    2085.1309    1704.5446    1706.7860    1935.9225
     70.6000    1999.3030    2088.0747    1700.1627    1708.8881    1939.0581
     70.7000    2000.9865    2091.9075    1709.5618    1708.3936    1940.0439
     70.8000    2003.7673    2094.2354    1714.2382    1707.6708    1943.1366
     70.9000    2003.0969    2101.6541    1723.3893    1711.4430    1940.9159
     71.0000    2006.8307    2099.5747    1728.6233    1713.4280    1933.5006
     71.1000    2010.1652    2104.9478    1738.8396    1716.8685    1931.0297
     71.2000    2011.8672    2105.8909    1740.3469    1716.7054    1932.6838
     71.3000    2011.4076    2107.2910    1751.9564    1721.7645    1934.7783
     71.4000    2015.4453    2110.5115    1756.3921    1724.5011    1938.3759
     71.5000    2016.5314    2118.4155    1762.6359    1720.2085    1940.4521
     71.6000    2021.3917    2124.9861    1766.5593    1725.1117    1941.9666
     71.7000    2031.0135    2128.1372    1771.2810    1727.1786    1945.0737
     71.8000    2036.1368    2138.0100    1780.2611    1730.3276    1952.7654
     71.9000    2046.0145    2150.5613    1780.7075    1731.7601    1954.9536
     72.0000    2047.8000    2151.8098    1782.1271    1736.3495    1955.2959
     72.1000    2051.1113    2147.3074    1784.9799    1737.0127    1958.7401
     72.2000    2054.8857    2147.9583    1782.0538    1743.7112    1963.3385
     72.3000    2062.2500    2150.0669    1778.5251    1746.5889    1965.5226
     72.4000    2068.4568    2151.1909    1777.3351    1756.2831    1973.3752
     72.5000    2070.9651    2153.3694    1782.2341    1762.3805    1970.8313
     72.6000    2073.0127    2159.0315    1781.3927    1767.3638    1973.4639
     72.7000    2062.4668    2161.9573    1784.8123    1774.7686    1978.1499
     72.8000    2059.8311    2165.3865    1788.5703    1780.2455    1982.2341
     72.9000    2060.5200    2167.0635    1794.4446    1783.4985    1983.8767
     73.0000    2067.0371    2168.1440    1803.7920    1790.8851    1987.4329
     73.1000    2065.8684    2172.3005    1806.9712    1795.7794    1987.3241
     73.2000    2066.0750    2176.7708    1814.4224    1801.1158    1992.7458
     73.3000    2068.9602    2185.2988    1814.4653    1808.8536    1998.4375
     73.4000    2068.3232    2185.5315    1822.7787    1812.7810    2003.3446
     73.5000    2065.9287    2179.8438    1823.4194    1824.2679    2010.1432
     73.6000    2072.8193    2177.5437    1828.0850    1823.9462    2012.0688
     73.7000    2084.2761    2184.2971    1837.2358    1824.6195    2011.9081
     73.8000    2087.7812    2188.3755    1838.6180    1819.8319    2012.9552
     73.9000    2087.3113    2194.2800    1839.2498    1819.9149    2013.8470
     74.0000    2089.0562    2202.6211    1841.6178    1820.6820    2011.5845
     74.1000    2084.9128    2209.1738    1848.5282    1827.6606    2011.0220
     74.2000    2083.9365    2219.9561    1850.3695    1836.9685    2009.1284
     74.3000    2085.2251    2226.9417    1852.0714    1835.8318    2009.2244
     74.4000    2092.3552    2232.6995    1845.3583    1833.6343    2011.7526
     74.5000    2104.0715    2238.1602    1845.0775    1830.5127    2014.1155
     74.6000    2108.8157    2244.3965    1851.2286    1837.6360    2008.1992
     74.7000    2117.7722    2251.8975    1850.9323    1843.8208    2009.0156
     74.8000    2120.4800    2255.9800    1853.1251    1848.0304    2018.8055
     74.9000    2125.1204    2259.2410    1859.2655    1852.7540    2020.2375
     75.0000    2124.9441    2259.6311    1862.0825    1855.9478    2020.7833
     75.1000    2127.7488    2267.0996    1865.1036    1857.7711    2021.9427
     75.2000    2130.6526    2271.5364    1862.4878    1858.4493    2026.9331
     75.3000    2127.6155    2274.1252    1861.8954    1864.1166    2028.8623
     75.4000    2129.1519    2278.9062    1860.2679    1867.3157    2028.3638
     75.5000    2128.6411    2274.9016    1861.6997    1868.0953    2035.0834
     75.6000    2128.4207    2278.0754    1857.0770    1873.1791    2041.7196
     75.7000    2123.7063    2279.1543    1846.2046    1879.9219    2050.4705
     75.8000    2124.3193    2280.7847    1837.1016    1889.2195    2053.2712
     75.9000    2129.8611    2282.3625    1834.6343    1890.7096    2061.5740
     76.0000    2138.8411    2288.1233    1837.4542    1887.5237    2072.9912
     76.1000    2141.5427    2292.1985    1839.3893    1884.8716    2074.4797
     76.2000    2148.0239    2291.1511    1843.6401    1890.6674    2081.2573
     76.3000    2153.0837    2289.9167    1845.7963    1884.3856    2076.3083
     76.4000    2158.3755    2299.9370    1847.4506    1882.3263    2078.8713
     76.5000    2159.3596    2308.3943    1851.6765    1882.2899    2080.5376
     76.6000    2160.3962    2315.6423    1856.8990    1883.6111    2081.7766
     76.7000    2162.8286    2318.9358    1862.0900    1891.0894    2084.1433
     76.8000    2174.5081    2327.9338    1868.6608    1894.6013    2084.3030
     76.9000    2178.4485    2328.9106    1877.3553    1890.3486    2090.4548
     77.0000    2188.6467    2334.7222    1877.8136    1888.1750    2095.3599
     77.1000    2196.0376    2339.7676    1878.0205    1892.5115    2099.0681
     77.2000    2209.1272    2344.6758    1881.3224    1889.1361    2100.2810
     77.3000    2213.5557    2350.8945    1889.7532    1891.7330    2098.4509
     77.4000    2212.2615    2360.6736    1899.0421    1891.5089    2101.2012
     77.5000    2214.8635    2367.0750    1897.2390    1894.5806    2102.5764
     77.6000    2223.6050    2369.2739    1901.7833    1901.1383    2105.1077
     77.7000    2224.7366    2382.8694    1908.5713    1902.2642    2111.1438
     77.8000    2225.3191    2394.1196    1908.5775    1907.7483    2107.4980
     77.9000    2226.0217    2400.2854    1906.2443    1911.4305    2113.2742
     78.0000    2225.8943    2404.6106    1914.1351    1912.0536    2117.2832
     78.1000    2227.4346    2405.0222    1914.1096    1916.0164    2122.0725
     78.2000    2227.9849    2400.8032    1915.2567    1918.6631    2116.4922
     78.3000    2237.6135    2402.6194    1921.4685    1920.5995    2110.6038
     78.4000    2246.8154    2400.0881    1929.7612    1925.6060    2105.5486
     78.5000    2254.8105    2396.7656    1934.5155    1929.1415    2104.3877
     78.6000    2254.9338    2395.8672    1940.3794    1929.2454    2102.5518
     78.7000    2257.5034    2403.5593    1943.1652    1929.6436    2104.2800
     78.8000    2271.1565    2410.6267    1948.1583    1940.5887    2107.1362
     78.9000    2278.9597    2412.2505    1948.4766    1945.3336    2108.9658
     79.0000    2280.8489    2411.0720    1949.1748    1945.9929    2111.5686
     79.1000    2279.0173    2414.1594    1950.2633    1946.2086    2114.4277
     79.2000    2280.7183    2409.7961    1951.9155    1942.4688    2116.2739
     79.3000    2288.5037    2407.7332    1950.4896    1946.2937    2124.1838
     79.4000    2290.0598    2407.1941    1947.0493    1948.8019    2131.3137
     79.5000    2295.6138    2410.3000    1949.0807    1950.4497    2130.9138
     79.6000    2300.6729    2407.3362    1945.6624    1953.8615    2138.3833
     79.7000    2301.9695    2413.7722    1946.2103    1957.2911    2137.7859
     79.8000    2302.1987    2419.7427    1947.4908    1956.7935    2139.1406
     79.9000    2308.3408    2423.7556    1954.0959    1955.9019    2137.7517
     80.0000    2310.6848    2428.4924    1954.4882    1955.0173    2145.3337
     80.1000    2307.5417    2428.1169    1959.3868    1951.9930    2145.2021
     80.2000    2306.1394    2431.9448    1961.9971    1955.8634    2147.4810
     80.3000    2313.0442    2435.9126    1964.3185    1961.6588    2147.7568
     80.4000    2311.0527    2436.1980    1969.1381    1969.8064    2156.2969
     80.5000    2312.5979    2435.3579    1968.7428    1979.9781    2160.2493
     80.6000    2314.3406    2436.0254    1975.1306    1985.1873    2157.2812
     80.7000    2318.7014    2438.5037    1979.2273    1991.3901    2159.0322
     80.8000    2313.4644    2436.9856    1986.7672    1993.5381    2160.3174
     80.9000    2307.8184    2436.2112    1990.2734    1997.3805    2163.3892
     81.0000    2311.2666    2439.8799    1995.9438    2004.1613    2170.7988
     81.1000    2314.5107    2440.8337    2003.1392    2007.4381    2175.9910
     81.2000    2316.8354    2442.0425    2004.8851    2010.7955    2184.8059
     81.3000    2319.0906    2447.4731    2005.9376    2011.8192    2181.7222
     81.4000    2320.3169    2446.3479    2009.6241    2013.9584    2185.8193
     81.5000    2325.7537    2458.8521    2006.6693    2008.2216    2186.8394
     81.6000    2325.9546    2465.8796    2007.8163    2013.5177    2189.0095
     81.7000    2327.0764    2472.2300    2007.9073    2016.8790    2196.1323
     81.8000    2333.6538    2479.9778    2005.2485    2021.7970    2205.6033
     81.9000    2339.1553    2484.4861    2004.8600    2021.4513    2209.7012
     82.0000    2340.7456    2491.8010    2006.7635    2024.8470    2214.6287
     82.1000    2341.7622    2497.8889    2008.1427    2030.9728    2216.6990
     82.2000    2343.0564    2506.9307    2007.9601    2041.7281    2215.2634
     82.3000    2341.1965    2513.9468    2005.9850    2042.5784    2214.5527
     82.4000    2338.2468    2519.7720    2001.8961    2046.6666    2209.7202
     82.5000    2344.3669    2525.2488    2006.1294    2051.3740    2208.2795
     82.6000    2341.8105    2533.9768    2010.0870    2054.9094    2208.6292
     82.7000    2343.3499    2527.8079    2007.3264    2056.0012    2210.1750
     82.8000    2346.1663    2528.3059    2008.4274    2058.2361    2210.3699
     82.9000    2352.8042    2527.5417    2009.5757    2064.0769    2211.0652
     83.0000    2360.4829    2532.0076    2016.0278    2068.9958    2215.9539
     83.1000    2357.0891    2536.1318    2031.8705    2073.2332    2221.9314
     83.2000    2353.9875    2543.2808    2037.0464    2077.7808    2222.9062
     83.3000    2351.9741    2548.3723    2049.1379    2079.4402    2229.6472
     83.4000    2355.7307    2552.9282    2056.0154    2074.5139    2230.5796
     83.5000    2354.7405    2562.6926    2057.2739    2076.0066    2229.0942
     83.6000    2357.1611    2567.4509    2058.9470    2078.4912    2219.4014
     83.7000    2358.7219    2566.7229    2056.5261    2087.2769    2220.2678
     83.8000    2353.8748    2572.4700    2053.9299    2095.0535    2227.8091
     83.9000    2348.5156    2577.7842    2058.9150    2098.4670    2229.8518
     84.0000    2341.8459    2591.7407    2060.7786    2099.4805    2232.5083
     84.1000    2337.1895    2595.3044    2060.8354    2100.2371    2226.9775
     84.2000    2332.9163    2604.1260    2060.8357    2109.1416    2224.1575
     84.3000    2332.5195    2609.5088    2064.1194    2117.3091    2226.0793
     84.4000    2336.0852    2609.3447    2064.5393    2118.2686    2226.2542
     84.5000    2339.1670    2612.2795    2065.9426    2120.4385    2227.0640
     84.6000    2341.2122    2616.1626    2072.7878    2120.9558    2228.6372
     84.7000    2347.5344    2620.2302    2078.3691    2121.0085    2230.8096
     84.8000    2355.2114    2625.4453    2086.4780    2120.4814    2232.9133
     84.9000    2358.8262    2630.2732    2094.3081    2124.6802    2231.3689
     85.0000    2358.8870    2630.7488    2101.9885    2129.4268    2227.5139
     85.1000    2365.5293    2633.7708    2111.8381    2129.8958    2230.9185
     85.2000    2371.9641    2632.7334    2116.6113    2129.2842    2234.2329
     85.3000    2382.0671    2636.4275    2120.6023    2126.7375    2234.5439
     85.4000    2395.3411    2645.7971    2122.5342    2125.6277    2233.9370
     85.5000    2400.9387    2653.8330    2132.4951    2124.4556    2231.0603
     85.6000    2402.9988    2657.3765    2129.8154    2127.7209    2225.0891
     85.7000    2405.3152    2662.1160    2121.2744    2119.0938    2224.8816
     85.8000    2407.1831    2669.2412    2120.2732    2117.8179    2226.5144
     85.9000    2411.5422    2674.4734    2124.9775    2124.0491    2229.0225
     86.0000    2413.4250    2683.7002    2120.1223    2132.3564    2227.8760
     86.1000    2415.2649    2689.7146    2115.3767    2139.8271    2229.7695
     86.2000    2414.6128    2690.0173    2116.7783    2139.5110    2231.4802
     86.3000    2412.4001    2699.2739    2122.0425    2147.6816    2237.1304
     86.4000    2411.3772    2701.7449    2126.7786    2151.3059    2236.9092
     86.5000    2419.2568    2708.0955    2126.3594    2156.2483    2234.5503
     86.6000    2429.9705    2719.6384    2128.2913    2161.5420    2234.6611
     86.7000    2441.7639    2724.2078    2131.2368    2168.6960    2245.3069
     86.8000    2448.6895    2734.6650    2132.1692    2175.3713    2248.7505
     86.9000    2451.4980    2742.9668    2132.8103    2183.5613    2254.4541
     87.0000    2460.0491    2751.3203    2137.5896    2179.8030    2260.0481
     87.1000    2460.8259    2764.9734    2144.4553    2183.7542    2266.8337
     87.2000    2458.8047    2775.5261    2148.0540    2187.6047    2271.5752
     87.3000    2460.5557    2784.4653    2148.8765    2190.0515    2266.8870
     87.4000    2466.0483    2789.3589    2146.5474    2191.2097    2275.4001
     87.5000    2472.9856    2795.6514    2147.1545    2191.6060    2282.9731
     87.6000    2478.3142    2796.9434    2154.8999    2193.1084    2281.9609
     87.7000    2480.8997    2795.9641    2155.6611    2193.9006    2283.4783
     87.8000    2479.9097    2799.0552    2149.8489    2198.4514    2286.1770
     87.9000    2491.3745    2803.7263    2152.5059    2193.4150    2279.2112
     88.0000    2496.9172    2805.4197    2156.2639    2187.7148    2279.2361
     88.1000    2502.6052    2811.4849    2162.5261    2190.4741    2280.4065
     88.2000    2505.2764    2812.0562    2163.2834    2195.6982    2279.1379
     88.3000    2505.3733    2815.4294    2165.4580    2204.2927    2283.1277
     88.4000    2501.9241    2821.9248    2170.1470    2212.5576    2287.4551
     88.5000    2500.9404    2828.9917    2170.5669    2221.7769    2292.5115
     88.6000    2497.2041    2837.7385    2167.6387    2224.4414    2294.0393
     88.7000    2499.7854    2843.1631    2173.6079    2224.0308    2293.2751
     88.8000    2510.5542    2847.1858    2174.0381    2229.7888    2292.0400
     88.9000    2515.0718    2844.5891    2179.4663    2237.6731    2283.9275
     89.0000    2519.3103    2844.5532    2178.4573    2249.4839    2284.1487
     89.1000    2527.1318    2847.6838    2182.1396    2254.3308    2290.8638
     89.2000    2534.0293    2849.4004    2185.4980    2253.2090    2289.7617
     89.3000    2537.2017    2847.2332    2191.5576    2252.4358    2294.2385
     89.4000    2542.2297    2852.4866    2195.2261    2257.7192    2297.1221
     89.5000    2550.3074    2854.3357    2202.4199    2259.5552    2302.8611
     89.6000    2560.7637    2859.1357    2200.9546    2259.7783    2303.5378
     89.7000    2567.7903    2856.6458    2209.2666    2261.1902    2309.8079
     89.8000    2575.8293    2855.3652    2219.0005    2268.5955    2311.8530
     89.9000    2585.3762    2856.8813    2224.7878    2276.8708    2312.2075
     90.0000    2586.1191    2859.3037    2233.0725    2285.6814    2313.6567
     90.1000    2593.4795    2863.2756    2233.6035    2290.3589    2317.0068
     90.2000    2598.9343    2861.8657    2235.9229    2291.6838    2311.4170
     90.3000    2607.2151    2864.1194    2237.8081    2287.9731    2306.0488
     90.4000    2605.5027    2868.2432    2242.4136    2284.4600    2306.6621
     90.5000    2598.9358    2872.9788    2241.8474    2286.4846    2308.6880
     90.6000    2594.7158    2881.2893    2239.6113    2288.3250    2312.0454
     90.7000    2591.4653    2888.7151    2243.4216    2291.2454    2318.7512
     90.8000    2588.4053    2889.1094    2252.8516    2297.1643    2321.4077
     90.9000    2585.1548    2903.4548    2255.3882    2298.2971    2325.9351
     91.0000    2583.0134    2906.5295    2255.9587    2305.1475    2325.2427
     91.1000    2580.5491    2908.7478    2263.2942    2305.7427    2331.4597
     91.2000    2583.4072    2906.7200    2260.1968    2305.4839    2326.8337
     91.3000    2585.1365    2907.9197    2260.4170    2313.0120    2325.5076
     91.4000    2588.0559    2907.9028    2257.5974    2317.6638    2324.7222
     91.5000    2592.2246    2908.8379    2253.3552    2318.8655    2317.1985
     91.6000    2587.6157    2909.5815    2253.9526    2324.7698    2321.0789
     91.7000    2591.9614    2914.7834    2260.0732    2328.8530    2320.8335
     91.8000    2597.9583    2923.5813    2268.5208    2333.5759    2320.8252
     91.9000    2598.9890    2926.4016    2271.1782    2342.6653    2320.5437
     92.0000    2595.4143    2926.4392    2276.0229    2350.4189    2333.5327
     92.1000    2593.5303    2926.5220    2278.9448    2353.0615    2339.1318
     92.2000    2587.2937    2923.8318    2278.3706    2355.7512    2340.9707
     92.3000    2582.6018    2918.8887    2278.6426    2359.8684    2337.9629
     92.4000    2584.4380    2920.6650    2279.3628    2368.5032    2335.1299
     92.5000    2592.9504    2926.8950    2280.3333    2374.8301    2338.9873
     92.6000    2603.2327    2929.2534    2284.8157    2372.8025    2345.1575
     92.7000    2600.2896    2927.1824    2285.0237    2371.8604    2345.1687
     92.8000    2594.3887    2934.2905    2286.2229    2375.4810    2344.0605
     92.9000    2590.1448    2940.7776    2290.3652    2376.5920    2337.1624
     93.0000    2591.5410    2938.9485    2294.2495    2383.0669    2337.5291
     93.1000    2594.9949    2944.0310    2305.7856    2390.4778    2340.2593
     93.2000    2592.3015    2948.8303    2306.7900    2396.5815    2352.2795
     93.3000    2598.7288    2950.7659    2309.9082    2401.6760    2357.4163
     93.4000    2603.4705    2953.9265    2315.2407    2404.4060    2362.5474
     93.5000    2611.0520    2958.5938    2318.1284    2399.5012    2367.2942
     93.6000    2618.7229    2970.3938    2321.9463    2404.3381    2369.7502
     93.7000    2620.1062    2968.8186    2322.5540    2406.7524    2373.1980
     93.8000    2618.3298    2967.2764    2321.2043    2410.6221    2378.8625
     93.9000    2623.9922    2970.1355    2324.2778    2411.1057    2382.8735
     94.0000    2629.5847    2972.7568    2323.5244    2411.1169    2379.7051
     94.1000    2639.7708    2979.1482    2316.5325    2412.7588    2383.1575
     94.2000    2646.7280    2979.2974    2314.9707    2409.0747    2391.1736
     94.3000    2653.2104    2985.8140    2317.3652    2416.9565    2395.2161
     94.4000    2654.5964    2993.4797    2317.4736    2428.2373    2394.0620
     94.5000    2659.5627    2997.3240    2318.5942    2433.6184    2391.7300
     94.6000    2659.8472    3001.5439    2316.0410    2442.5615    2395.9797
     94.7000    2657.7705    3011.3923    2316.7073    2443.9707    2384.6438
     94.8000    2661.2170    3015.2529    2313.9626    2452.1270    2383.2295
     94.9000    2668.9170    3024.2297    2319.2939    2453.5906    2385.4011
     95.0000    2679.0667    3029.1216    2321.0422    2455.2344    2390.3511
     95.1000    2685.4849    3033.0527    2323.6494    2448.7964    2391.7732
     95.2000    2687.0610    3027.8911    2321.7964    2445.8511    2395.6990
     95.3000    2684.9768    3022.6877    2322.0972    2450.7156    2396.8149
     95.4000    2683.1829    3017.6440    2322.4231    2447.4624    2403.8474
     95.5000    2679.7979    3017.0938    2320.5361    2449.7927    2404.1787
     95.6000    2685.5076    3021.9067    2316.2500    2452.5762    2400.5408
     95.7000    2690.1074    3024.0203    2323.1604    2447.8611    2400.3613
     95.8000    2695.0747    3030.2280    2330.0020    2444.4646    2408.2061
     95.9000    2700.7166    3028.2998    2336.8826    2445.9277    2415.4841
     96.0000    2696.9380    3026.9062    2344.0525    2451.6724    2418.9355
     96.1000    2702.7444    3026.4958    2343.7354    2452.0276    2419.4905
     96.2000    2701.8345    3028.7871    2342.7078    2448.2561    2419.6487
     96.3000    2703.3467    3027.9141    2348.6541    2450.7310    2418.0293
     96.4000    2711.2480    3035.4656    2349.3762    2456.9294    2420.3713
     96.5000    2728.5823    3037.2661    2354.2388    2460.6172    2419.7888
     96.6000    2737.7043    3041.3918    2366.7808    2461.9841    2416.4893
     96.7000    2729.3501    3046.8416    2370.1172    2462.0176    2421.4380
     96.8000    2729.9756    3050.3494    2371.2188    2460.0625    2422.3901
     96.9000    2734.6562    3044.6504    2375.0417    2456.3137    2425.9292
     97.0000    2741.5903    3040.6343    2373.9939    2458.3389    2430.1863
     97.1000    2743.3755    3044.8259    2374.6782    2459.6968    2430.9822
     97.2000    2746.1631    3052.5093    2375.2693    2462.5088    2436.1631
     97.3000    2753.6841    3057.4392    2380.2996    2465.0667    2436.4688
     97.4000    2764.0510    3062.2800    2383.5730    2468.6951    2433.2563
     97.5000    2764.7791    3067.1584    2379.6399    2469.2402    2420.7485
     97.6000    2768.2529    3072.9202    2379.5247    2478.1355    2420.4219
     97.7000    2771.2432    3073.4951    2375.0042    2479.9775    2416.7864
     97.8000    2769.4363    3078.4380    2368.0688    2485.1248    2417.0854
     97.9000    2770.3096    3082.0850    2365.9478    2484.8901    2418.9133
     98.0000    2777.6292    3088.8894    2362.7104    2492.4036    2422.2085
     98.1000    2788.3723    3091.7471    2359.1953    2498.4431    2427.7920
     98.2000    2797.1018    3097.2280    2362.4578    2502.8113    2433.6326
     98.3000    2803.2969    3095.4612    2367.6394    2510.7703    2441.2078
     98.4000    2811.4097    3097.3015    2366.1340    2508.6453    2439.4902
     98.5000    2811.9580    3100.3948    2370.6418    2510.2542    2444.1650
     98.6000    2815.5574    3104.1201    2379.8723    2513.0112    2443.3535
     98.7000    2822.6309    3100.4658    2387.3755    2516.6472    2442.7634
     98.8000    2824.0359    3103.5261    2393.5005    2519.9033    2440.6362
     98.9000    2829.8552    3109.7146    2397.0127    2514.7905    2442.3530
     99.0000    2835.1794    3110.7427    2400.0203    2514.0457    2449.9297
     99.1000    2835.7622    3112.7776    2406.3875    2515.4224    2450.5901
     99.2000    2837.7019    3121.3623    2413.3311    2515.5212    2457.1255
     99.3000    2836.3345    3123.5515    2419.4373    2515.2217    2460.1238
     99.4000    2840.2419    3124.5012    2429.5659    2516.2488    2463.5576
     99.5000    2837.2083    3126.7112    2427.4468    2517.2456    2472.7246
     99.6000    2832.1736    3127.0615    2428.2974    2517.4810    2483.9294
     99.7000    2830.1365    3128.9534    2429.6162    2519.0676    2496.4905
     99.8000    2835.2322    3129.6614    2431.7275    2522.2517    2496.4619
     99.9000    2837.7690    3132.8374    2437.1201    2519.9114    2494.3687
    100.0000    2836.3259    3130.1831    2447.2012    2522.4666    2489.4578
    100.1000    2839.8191    3132.1577    2455.4666    2523.8125    2488.9155
    100.2000    2843.9219    3136.1565    2466.8884    2524.6675    2495.0168
    100.3000    2846.8396    3139.1697    2477.9343    2525.9146    2499.0017
    100.4000    2849.4106    3143.6714    2476.8433    2532.3037    2499.3284
    100.5000    2855.6736    3146.9329    2483.3167    2535.7627    2497.5933
    100.6000    2860.3594    3138.4829    2492.8354    2541.6296    2498.3582
    100.7000    2865.3843    3132.6267    2493.7622    2545.3884    2501.2737
    100.8000    2869.6853    3132.7876    2496.4658    2551.9673    2502.4705
    100.9000    2869.6177    3140.4495    2502.5874    2550.3386    2501.6067
    101.0000    2867.5503    3151.9763    2509.0283    2553.8848    2506.9434
    101.1000    2869.0112    3162.5928    2510.2725    2555.8203    2509.9866
    101.2000    2871.4265    3170.5903    2514.1860    2556.5332    2516.1479
    101.3000    2871.2656    3177.9324    2512.8794    2554.3560    2514.2327
    101.4000    2877.4045    3186.1184    2509.3979    2551.3674    2512.1421
    101.5000    2875.8982    3198.2124    2511.7173    2557.2849    2514.4829
    101.6000    2882.9001    3197.8567    2510.3066    2559.7124    2516.8354
    101.7000    2892.3059    3192.3457    2511.4136    2562.8403    2520.8950
    101.8000    2895.2380    3194.3545    2514.6343    2571.5095    2525.0312
    101.9000    2896.7158    3192.0933    2508.0923    2579.2644    2524.5105
    102.0000    2888.6038    3194.9509    2514.9861    2576.1309    2525.6753
    102.1000    2888.3611    3204.5615    2521.5405    2580.3982    2527.0566
    102.2000    2889.1184    3200.2839    2526.9404    2595.3682    2533.0591
    102.3000    2885.3970    3210.2720    2528.7620    2605.0452    2538.3479
    102.4000    2884.5439    3215.7246    2534.2454    2613.8582    2547.3801
    102.5000    2882.6575    3222.7703    2538.5308    2622.1260    2554.1135
    102.6000    2879.4895    3228.3594    2545.1187    2623.0325    2561.4873
    102.7000    2881.7534    3227.6262    2547.7288    2621.7920    2566.5400
    102.8000    2875.1011    3230.3154    2551.3691    2621.3682    2561.6167
    102.9000    2870.5537    3230.5691    2554.0376    2623.2170    2557.1775
    103.0000    2873.9500    3235.6599    2557.1699    2621.5537    2560.0088
    103.1000    2875.9722    3247.6934    2558.9500    2628.5215    2559.8137
    103.2000    2871.1943    3251.0281    2559.7559    2640.1985    2560.0078
    103.3000    2876.1736    3251.2583    2562.6228    2653.5356    2563.6355
    103.4000    2878.0981    3254.5344    2570.8350    2661.1174    2564.8940
    103.5000    2877.3755    3259.6301    2573.0386    2670.2483    2561.3936
    103.6000    2882.4229    3268.8525    2577.4441    2675.3047    2560.9202
    103.7000    2885.8606    3265.7529    2580.2366    2677.0249    2563.8628
    103.8000    2883.7996    3268.6858    2581.6406    2680.4421    2564.4497
    103.9000    2889.2761    3272.3547    2582.6816    2679.8484    2561.9456
    104.0000    2894.5093    3278.9436    2587.2712    2675.0376    2564.4941
    104.1000    2903.1760    3281.5662    2586.1016    2666.2869    2568.0964
    104.2000    2905.7080    3289.2542    2577.4543    2666.7754    2571.3276
    104.3000    2900.1841    3293.9197    2571.4653    2667.3225    2574.8779
    104.4000    2894.8501    3283.1221    2569.2053    2668.1609    2579.5718
    104.5000    2897.1025    3282.2859    2570.2170    2669.8928    2580.3293
    104.6000    2895.5144    3280.2881    2571.0918    2675.6184    2583.3940
    104.7000    2895.6528    3278.2605    2573.8093    2681.7439    2588.2871
    104.8000    2902.9971    3278.1677    2565.3921    2688.9814    2592.6719
    104.9000    2910.7783    3284.9314    2572.0850    2693.6641    2597.9817
    105.0000    2912.5959    3289.7842    2572.9546    2702.1028    2603.4509
    105.1000    2910.5862    3300.0486    2571.9126    2701.5662    2598.8315
    105.2000    2903.3386    3312.3345    2571.3184    2698.6765    2597.1780
    105.3000    2910.5989    3319.2947    2573.5833    2700.0579    2595.5452
    105.4000    2915.4666    3331.5947    2573.8345    2699.3657    2599.2791
    105.5000    2918.9937    3333.3716    2574.5767    2704.8616    2600.9856
    105.6000    2922.4595    3330.5034    2573.2534    2713.3499    2608.6904
    105.7000    2929.5439    3327.0354    2578.3328    2719.1812    2616.4050
    105.8000    2938.8345    3335.5330    2582.2205    2727.4084    2617.0134
    105.9000    2944.3596    3332.1887    2579.5452    2736.4656    2621.6770
    106.0000    2946.7441    3329.1973    2577.8123    2742.2937    2631.6858
    106.1000    2949.5354    3333.1306    2577.3125    2742.2939    2639.0339
    106.2000    2957.9802    3343.0886    2576.1846    2753.4917    2645.3481
    106.3000    2958.2251    3352.4307    2572.5562    2759.1384    2646.8652
    106.4000    2956.6875    3351.0608    2577.6003    2771.8892    2647.7314
    106.5000    2967.3879    3350.0713    2583.6621    2780.2205    2651.2551
    106.6000    2972.6426    3353.5361    2582.4160    2781.9114    2650.9004
    106.7000    2974.7073    3364.4231    2583.1765    2791.8936    2656.4666
    106.8000    2976.3259    3368.4595    2586.5396    2798.3535    2654.6345
    106.9000    2976.9497    3366.7100    2590.2922    2801.4590    2656.5466
    107.0000    2973.4170    3362.3855    2595.7205    2803.5537    2650.4021
    107.1000    2972.0391    3370.5520    2603.7646    2803.8235    2651.4670
    107.2000    2974.2546    3383.5474    2600.8459    2799.9666    2657.2500
    107.3000    2975.7717    3392.8323    2593.4260    2797.1475    2666.9480
    107.4000    2979.3728    3393.9131    2588.4092    2796.1702    2668.1375
    107.5000    2981.9653    3397.6384    2592.7512    2803.9360    2671.4041
    107.6000    2980.0823    3400.4775    2595.5959    2818.3032    2671.3704
    107.7000    2987.4812    3405.8074    2592.7576    2815.1333    2667.3206
    107.8000    2992.4858    3411.0754    2587.0059    2818.2214    2662.8772
    107.9000    2994.2881    3413.1982    2584.9763    2818.8171    2658.7012
    108.0000    2991.6667    3407.3838    2583.0176    2822.6016    2661.8442
    108.1000    3003.2703    3411.8230    2586.9485    2825.3489    2670.3013
    108.2000    3016.9578    3415.0278    2591.8301    2830.4207    2670.9043
    108.3000    3021.5850    3414.3088    2589.4736    2833.1458    2686.3003
    108.4000    3020.7251    3423.6584    2591.6631    2832.9189    2693.3611
    108.5000    3022.1050    3428.2908    2591.3206    2837.3433    2692.8718
    108.6000    3033.7314    3429.0928    2588.1375    2841.3369    2700.6511
    108.7000    3043.0076    3428.7747    2596.6213    2849.9006    2710.8616
    108.8000    3050.5754    3431.9453    2595.3767    2855.3064    2717.6204
    108.9000    3057.0098    3438.2424    2597.2219    2859.3723    2715.3928
    109.0000    3061.8767    3443.2402    2596.4958    2865.1140    2717.6047
    109.1000    3060.0110    3441.8105    2603.6260    2876.8135    2717.5706
    109.2000    3061.5432    3445.3918    2601.1406    2879.1812    2716.3379
    109.3000    3065.1162    3446.2080    2604.6516    2880.7605    2719.9597
    109.4000    3066.3958    3452.0786    2602.1873    2885.8328    2715.4485
    109.5000    3067.1667    3460.9341    2603.4114    2892.3232    2714.4600
    109.6000    3068.5186    3457.5908    2606.1355    2889.8901    2716.8096
    109.7000    3068.7366    3460.4702    2603.8826    2894.0203    2727.6719
    109.8000    3067.4885    3456.7678    2609.6516    2897.8455    2737.9426
    109.9000    3064.8433    3456.2139    2617.5134    2908.4045    2738.6521
    110.0000    3066.8357    3459.7048    2625.0498    2913.3113    2737.2041
    110.1000    3069.6338    3461.6299    2636.3557    2920.6106    2733.8997
    110.2000    3070.5427    3463.8506    2637.1260    2925.6926    2737.2100
    110.3000    3073.1111    3469.4092    2639.6123    2932.9006    2747.8733
    110.4000    3078.2793    3471.2200    2643.1545    2938.9573    2750.8716
    110.5000    3078.8103    3467.1963    2645.0955    2940.3557    2756.7380
    110.6000    3081.0640    3462.1250    2646.5312    2946.6519    2759.3694
    110.7000    3086.9907    3466.1714    2650.9207    2950.4941    2767.0178
    110.8000    3091.6035    3474.4983    2652.4248    2958.3525    2778.2542
    110.9000    3090.6853    3479.7031    2658.4802    2966.3250    2786.4214
    111.0000    3100.6875    3478.0952    2655.9688    2970.4092    2790.0481
    111.1000    3100.5547    3476.6272    2657.3552    2971.8748    2784.4426
    111.2000    3102.4502    3476.4253    2657.1340    2973.2378    2790.5439
    111.3000    3102.9646    3479.8208    2654.0291    2973.6829    2791.3093
    111.4000    3099.9277    3486.9902    2654.5168    2970.8391    2796.4451
    111.5000    3102.5120    3493.2100    2651.4924    2966.7209    2797.4785
    111.6000    3105.4717    3489.4744    2653.7783    2967.0874    2805.0076
    111.7000    3102.4114    3485.2126    2657.3525    2966.9653    2807.6006
    111.8000    3101.8176    3485.8513    2661.4204    2963.1050    2811.0317
    111.9000    3098.0735    3497.8281    2654.1174    2970.6189    2815.6626
    112.0000    3093.6174    3499.4673    2651.9341    2976.8577    2817.4746
    112.1000    3088.2979    3503.0667    2655.9954    2978.2634    2819.6863
    112.2000    3090.0923    3516.3259    2657.6917    2978.1279    2825.0349
    112.3000    3103.8193    3525.4189    2659.2568    2984.6653    2825.6968
    112.4000    3113.2673    3524.6987    2666.2043    2988.2188    2825.9646
    112.5000    3116.3845    3524.0107    2669.6965    2991.5496    2828.0984
    112.6000    3115.7949    3525.2688    2669.9160    2990.0593    2831.4802
    112.7000    3115.6323    3525.1191    2677.8662    2995.8501    2829.5176
    112.8000    3121.8091    3530.9565    2685.7612    2997.8499    2825.8064
    112.9000    3130.2900    3546.2678    2689.1453    2995.8889    2828.7981
    113.0000    3135.2327    3543.1604    2695.2283    2998.9856    2832.6956
    113.1000    3142.2327    3536.9705    2699.3953    2997.5984    2833.7468
    113.2000    3150.6475    3540.3428    2702.4529    2996.8447    2834.0935
    113.3000    3160.7373    3546.7205    2703.8108    2995.2361    2835.5002
    113.4000    3163.8467    3546.5017    2713.0706    2989.7021    2832.4578
    113.5000    3166.0271    3559.0068    2715.3020    2983.7974    2829.4739
    113.6000    3163.1663    3561.7478    2712.6084    2985.8032    2824.7332
    113.7000    3164.2192    3556.8218    2707.8582    2988.9551    2823.7886
    113.8000    3165.8154    3562.8313    2718.3838    2993.8213    2825.2568
    113.9000    3163.5940    3564.9114    2724.6221    3000.4451    2840.9797
    114.0000    3168.4905    3563.3188    2728.9150    3010.1296    2849.1121
    114.1000    3168.0002    3569.0515    2732.7349    3013.5676    2852.3035
    114.2000    3169.7856    3575.2715    2735.7478    3020.1775    2852.0342
    114.3000    3167.5938    3587.3772    2737.6294    3022.1377    2844.4451
    114.4000    3170.5000    3595.9033    2749.9177    3023.1157    2854.7488
    114.5000    3173.1309    3588.4143    2768.3474    3023.5156    2854.9802
    114.6000    3174.1494    3593.4983    2778.9812    3024.6372    2847.6423
    114.7000    3181.0317    3597.2817    2791.0017    3028.9885    2846.4553
    114.8000    3187.0972    3603.8096    2801.6318    3029.1719    2848.4917
    114.9000    3189.9751    3606.5527    2801.2014    3030.8704    2851.8079
    115.0000    3196.8472    3605.5950    2803.1470    3036.0713    2850.7922
    115.1000    3203.1770    3597.8315    2808.1812    3036.5278    2849.5767
    115.2000    3204.6799    3609.0510    2817.0198    3034.8970    2850.6152
    115.3000    3207.9983    3607.5837    2824.4404    3031.8738    2862.0488
    115.4000    3203.8928    3605.4355    2823.7302    3037.9792    2861.1816
    115.5000    3201.9260    3603.2483    2818.8357    3045.4331    2858.9514
    115.6000    3209.1887    3607.4229    2816.8779    3050.2688    2856.6667
    115.7000    3213.0544    3603.3259    2821.1799    3047.5037    2863.6089
    115.8000    3220.4502    3602.7913    2824.2686    3049.1580    2866.9670
    115.9000    3223.0803    3610.5190    2824.2119    3051.3467    2868.6248
    116.0000    3226.0994    3610.6440    2825.9236    3050.1799    2870.2581
    116.1000    3223.2363    3611.0269    2828.4299    3048.7722    2868.5125
    116.2000    3221.9167    3615.1631    2832.6150    3048.8828    2873.6594
    116.3000    3214.3484    3613.4099    2840.1436    3055.8230    2884.3628
    116.4000    3211.7124    3608.8560    2844.5920    3070.5669    2895.1152
    116.5000    3215.9551    3613.9590    2845.4248    3081.4810    2902.7061
    116.6000    3220.6912    3622.1936    2841.5964    3086.4841    2905.4646
    116.7000    3217.3276    3626.2485    2846.8452    3093.4614    2909.6372
    116.8000    3215.6807    3627.1228    2858.6719    3101.3816    2916.2786
    116.9000    3213.9766    3632.9749    2867.4771    3107.7627    2915.7881
    117.0000    3213.0886    3638.6060    2872.8391    3105.5532    2914.1338
    117.1000    3211.3672    3642.4333    2881.8279    3106.9287    2913.3403
    117.2000    3209.1636    3647.9612    2879.5422    3112.6863    2911.7896
    117.3000    3211.9409    3657.2068    2873.4229    3116.0605    2909.6875
    117.4000    3216.0012    3669.4067    2877.3159    3126.5947    2907.1045
    117.5000    3223.4902    3683.0654    2880.6157    3132.7131    2906.5959
    117.6000    3227.8796    3692.2690    2885.3506    3131.7151    2914.5388
    117.7000    3226.3105    3697.7043    2875.7969    3128.8499    2916.1628
    117.8000    3233.7693    3699.9709    2867.3794    3135.2090    2917.9209
    117.9000    3239.9497    3701.3616    2863.1846    3136.1060    2916.3518
    118.0000    3250.5300    3704.6428    2863.5105    3140.5037    2922.2390
    118.1000    3258.4138    3699.0100    2870.4019    3143.5125    2929.6331
    118.2000    3260.7141    3704.0457    2871.0933    3141.8855    2927.4065
    118.3000    3262.4021    3696.6741    2871.7407    3142.9607    2925.9253
    118.4000    3268.1672    3709.2119    2877.8237    3146.1785    2924.9971
    118.5000    3271.6453    3714.7974    2886.9800    3142.1921    2923.7771
    118.6000    3268.4275    3717.1833    2892.5474    3137.4785    2935.0647
    118.7000    3267.7627    3720.0229    2897.1724    3136.3379    2947.6719
    118.8000    3271.9006    3726.8892    2902.9207    3135.9697    2961.2605
    118.9000    3270.2053    3722.9907    2909.5010    3141.6597    2968.2783
    119.0000    3271.0793    3731.2622    2915.1216    3146.5254    2975.5488
    119.1000    3273.4734    3731.7795    2914.8281    3151.8608    2978.1870
    119.2000    3281.7581    3735.4045    2912.0625    3157.4922    2972.4895
    119.3000    3286.7402    3734.4490    2913.7053    3163.6846    2984.2451
    119.4000    3280.6667    3739.8328    2918.0474    3165.1057    2986.8337
    119.5000    3271.4021    3744.2041    2918.5942    3166.4141    2993.9270
    119.6000    3271.5459    3749.9207    2921.0498    3173.3547    2997.8396
    119.7000    3271.0505    3749.5417    2925.8975    3179.5933    3001.8311
    119.8000    3279.7966    3755.7747    2929.4788    3187.0347    3006.0325
    119.9000    3280.8315    3761.2874    2931.1145    3194.4214    3007.4529
    120.0000    3279.0718    3765.6343    2938.1985    3205.5417    3012.6016
    120.1000    3284.1064    3776.1917    2939.9797    3212.2075    3017.5002
    120.2000    3283.0725    3780.8108    2946.2141    3213.3069    3027.9919
    120.3000    3282.6748    3794.0642    2944.0186    3217.9329    3040.7876
    120.4000    3283.6487    3789.3501    2941.8188    3218.4126    3047.8284
    120.5000    3284.6968    3784.4768    2938.6741    3218.2703    3052.3877
    120.6000    3288.4307    3787.9937    2937.1816    3225.2075    3057.8467
    120.7000    3295.1860    3784.1775    2940.9878    3232.0598    3056.3379
    120.8000    3305.3865    3784.8762    2945.1143    3250.5156    3058.7927
    120.9000    3310.4766    3791.7366    2951.9592    3252.0923    3065.5498
    121.0000    3319.0798    3796.9375    2950.2683    3254.8457    3065.5369
    121.1000    3322.1658    3804.7363    2949.2800    3264.0090    3065.8994
    121.2000    3321.7808    3809.7922    2955.8083    3266.4729    3072.2957
    121.3000    3324.9138    3818.0266    2960.7012    3268.2986    3082.0002
    121.4000    3330.5764    3822.1152    2966.6582    3277.1663    3087.7153
    121.5000    3330.4832    3822.5637    2970.8218    3278.3623    3089.8120
    121.6000    3325.9309    3822.9983    2977.8259    3284.0291    3092.1760
    121.7000    3331.1025    3837.4670    2975.6802    3290.2661    3091.3860
    121.8000    3342.9666    3846.6416    2974.6626    3291.1812    3099.1863
    121.9000    3354.3884    3859.7612    2970.7065    3288.0488    3100.8999
    122.0000    3368.6208    3869.5642    2971.8066    3288.3455    3096.3323
    122.1000    3369.4231    3874.8684    2975.6531    3286.5334    3097.4683
    122.2000    3367.2095    3886.8813    2981.9514    3290.8003    3098.9285
    122.3000    3365.8103    3892.4204    2987.3582    3291.3486    3098.7390
    122.4000    3356.5156    3894.8420    2992.3535    3287.4001    3103.8892
    122.5000    3352.7214    3905.8135    2996.2058    3285.8918    3109.7686
    122.6000    3344.3894    3912.1365    3004.8918    3288.0254    3119.1506
    122.7000    3338.9443    3914.1548    2998.3298    3282.1030    3121.5439
    122.8000    3338.4895    3924.4155    2991.5920    3278.4387    3124.5491
    122.9000    3337.1675    3927.7925    2991.2856    3279.5967    3123.4934
    123.0000    3340.1287    3938.9827    2989.1238    3283.4653    3119.9546
    123.1000    3346.8064    3941.7385    2986.0786    3295.4583    3126.8438
    123.2000    3361.2358    3949.1501    2981.7834    3312.0283    3130.0591
    123.3000    3364.2297    3947.7720    2985.0959    3315.5933    3132.8015
    123.4000    3369.2605    3950.6594    2980.6990    3316.6870    3129.9646
    123.5000    3375.2949    3950.3059    2978.1890    3321.3206    3137.6917
    123.6000    3365.9792    3956.5249    2977.3401    3323.4231    3134.2458
    123.7000    3360.1233    3954.8037    2980.5671    3327.5481    3135.9138
    123.8000    3355.9402    3951.1394    2979.9895    3338.9854    3131.6204
    123.9000    3357.6331    3938.4355    2985.5254    3343.8704    3126.4932
    124.0000    3360.6250    3939.6370    2983.3577    3340.2864    3127.5347
    124.1000    3363.3472    3945.1892    2990.2698    3349.0046    3126.4958
    124.2000    3365.9780    3943.9600    2997.5630    3354.7903    3128.5371
    124.3000    3363.5779    3951.0786    2995.3965    3364.5879    3137.5676
    124.4000    3367.3313    3953.6245    2996.4595    3376.4709    3142.8948
    124.5000    3374.5974    3962.7466    2997.5154    3381.9341    3145.8213
    124.6000    3379.2964    3959.6934    2997.2969    3378.3125    3147.2314
    124.7000    3374.8450    3964.8682    2997.9233    3381.4932    3150.9587
    124.8000    3374.7708    3961.5005    2993.3198    3378.1858    3148.6279
    124.9000    3373.6348    3961.2485    2989.1404    3380.1472    3145.2659
    125.0000    3378.0381    3961.5193    2992.9707    3383.2964    3143.9919
    125.1000    3381.5037    3963.8174    2997.0942    3380.5359    3139.3542
    125.2000    3372.9004    3976.6411    3006.4895    3381.2947    3145.6060
    125.3000    3374.8162    3977.9519    3010.4531    3383.2942    3153.0701
    125.4000    3372.0188    3981.2917    3019.0354    3385.2869    3161.6394
    125.5000    3375.0388    3986.7141    3023.5334    3389.6550    3165.8582
    125.6000    3389.4219    3991.1670    3025.3889    3393.1763    3167.1309
    125.7000    3394.7017    3995.6731    3028.8486    3389.7847    3172.2744
    125.8000    3400.2925    4006.8313    3034.8093    3400.7500    3174.4604
    125.9000    3404.9739    4013.0349    3041.5708    3404.6807    3179.5901
    126.0000    3408.6372    4011.0630    3046.4021    3409.0105    3181.0151
    126.1000    3407.8154    4011.2656    3046.9004    3418.2849    3182.9333
    126.2000    3401.9338    4005.7366    3045.0923    3425.0769    3185.3884
    126.3000    3398.4954    4021.4019    3039.6482    3430.2073    3186.3547
    126.4000    3402.0457    4030.6951    3046.9126    3443.9514    3180.6216
    126.5000    3405.3438    4028.9812    3045.9517    3458.9375    3180.0095
    126.6000    3408.4797    4021.2766    3045.2283    3472.2378    3184.3088
    126.7000    3405.8313    4018.7192    3050.5579    3487.3494    3193.6548
    126.8000    3407.1301    4022.3425    3056.9387    3498.5371    3194.4253
    126.9000    3401.0786    4033.9299    3060.4595    3497.9338    3194.6958
    127.0000    3405.3059    4034.8784    3063.6770    3494.0034    3194.1638
    127.1000    3405.6560    4029.2322    3069.4717    3498.2485    3192.4045
    127.2000    3411.1499    4031.8623    3076.1272    3500.6440    3191.6973
    127.3000    3408.3818    4037.3999    3083.0059    3504.2192    3184.1799
    127.4000    3402.1162    4036.3525    3089.2271    3509.7500    3187.1816
    127.5000    3403.2471    4034.2234    3095.2605    3512.1846    3190.2495
    127.6000    3405.9670    4030.3154    3097.7986    3509.6157    3201.3049
    127.7000    3408.7939    4029.0520    3109.5034    3517.5298    3210.3474
    127.8000    3415.5503    4038.0100    3113.3247    3513.6011    3210.2754
    127.9000    3416.6777    4037.9412    3116.2275    3509.1719    3217.6846
    128.0000    3422.0388    4038.9458    3112.4480    3513.2769    3220.8264
    128.1000    3429.1411    4040.9700    3111.3662    3520.4983    3222.1965
    128.2000    3435.8855    4045.9377    3116.9705    3531.0950    3223.8206
    128.3000    3442.8049    4041.4434    3129.3657    3539.6333    3225.0020
    128.4000    3442.6072    4037.6184    3134.2100    3554.2712    3236.7529
    128.5000    3453.1355    4039.3843    3141.6731    3558.2639    3244.3381
    128.6000    3459.7529    4040.9036    3154.5879    3572.5459    3251.6187
    128.7000    3466.8518    4047.4346    3166.3860    3566.1985    3261.9912
    128.8000    3469.6260    4053.5222    3169.9631    3565.4497    3264.3296
    128.9000    3480.3682    4064.2126    3162.8079    3559.9177    3264.0359
    129.0000    3487.4958    4062.2905    3158.2610    3558.2373    3269.6621
    129.1000    3493.9497    4071.1018    3159.3606    3554.7009    3271.6833
    129.2000    3493.6667    4084.5583    3157.4265    3559.1631    3277.3059
    129.3000    3496.6326    4089.1516    3156.0972    3563.7053    3277.3662
    129.4000    3497.1609    4096.7417    3149.3772    3567.6484    3278.4077
    129.5000    3498.8894    4101.4941    3149.6919    3577.7625    3282.4341
    129.6000    3505.9902    4099.9883    3149.4419    3584.3328    3290.9080
    129.7000    3510.7292    4096.4751    3146.0237    3579.3716    3299.3193
    129.8000    3514.9448    4090.7610    3146.4363    3578.8408    3300.5095
    129.9000    3522.4834    4093.9236    3150.8896    3572.3623    3306.1963
    130.0000    3531.0886    4099.4023    3155.1785    3558.9363    3310.0422
    130.1000    3530.9641    4107.5898    3168.6384    3557.2480    3319.9050
    130.2000    3534.7197    4117.5020    3180.5400    3555.8750    3319.9927
    130.3000    3534.1174    4127.0488    3192.7942    3559.3286    3323.8091
    130.4000    3532.6143    4140.0210    3199.6926    3557.0403    3324.8267
    130.5000    3535.8965    4147.0586    3203.7173    3566.7849    3315.7178
    130.6000    3541.0051    4155.0181    3208.6621    3577.3135    3317.5037
    130.7000    3540.6479    4152.7993    3216.6841    3587.1558    3314.9548
    130.8000    3543.6794    4152.1680    3222.4775    3585.8079    3319.0625
    130.9000    3543.3938    4156.7900    3225.3987    3586.4314    3323.3997
    131.0000    3541.7017    4154.8379    3227.8130    3590.6697    3326.4333
    131.1000    3539.5393    4156.0815    3231.4583    3590.2053    3327.9060
    131.2000    3544.7588    4158.6191    3236.9216    3596.6650    3324.7720
    131.3000    3552.9646    4170.9805    3241.1284    3600.3542    3327.4280
    131.4000    3553.3513    4175.7134    3251.4033    3602.8245    3328.9390
    131.5000    3559.7454    4177.4146    3250.9934    3604.1687    3334.3027
    131.6000    3563.9856    4180.7324    3256.0422    3603.6284    3336.2905
    131.7000    3568.3467    4182.8394    3252.8442    3600.1050    3347.1035
    131.8000    3567.1934    4179.2666    3254.4502    3602.2153    3351.5115
    131.9000    3562.1887    4183.8633    3264.3467    3606.7178    3356.1667
    132.0000    3563.2019    4191.9033    3272.4207    3609.6938    3359.8906
    132.1000    3559.1750    4195.8442    3277.0437    3613.0237    3357.8313
    132.2000    3558.2166    4197.0786    3283.4451    3617.0168    3372.9949
    132.3000    3566.1858    4198.2778    3289.6255    3621.5376    3379.0984
    132.4000    3560.0186    4197.5278    3293.5225    3621.8562    3382.8843
    132.5000    3567.0173    4195.2876    3291.2075    3620.7761    3392.5547
    132.6000    3567.6213    4195.0918    3286.1296    3626.7078    3396.2021
    132.7000    3565.6255    4196.8022    3281.0718    3624.9302    3397.9536
    132.8000    3565.9827    4198.2622    3288.4517    3619.5767    3390.1099
    132.9000    3572.4739    4204.5972    3294.3206    3618.8826    3381.2627
    133.0000    3576.8438    4203.1416    3297.8181    3620.8975    3372.6841
    133.1000    3580.9771    4194.4678    3298.3381    3614.1660    3378.4729
    133.2000    3587.0659    4199.4009    3296.8655    3613.7832    3386.2778
    133.3000    3599.2349    4197.9434    3295.6724    3618.9219    3391.4297
    133.4000    3601.0718    4196.7910    3292.6470    3623.4307    3393.5923
    133.5000    3602.5969    4203.9873    3286.2119    3625.6646    3398.6829
    133.6000    3604.9229    4211.1113    3282.9670    3628.7141    3402.9248
    133.7000    3600.1018    4221.0635    3282.9380    3624.3291    3403.0022
    133.8000    3608.0051    4231.4697    3279.2756    3620.1692    3403.9502
    133.9000    3607.7466    4228.9478    3284.1921    3621.1401    3404.5698
    134.0000    3610.4646    4230.7490    3294.9409    3630.9028    3402.1135
    134.1000    3614.3438    4239.4102    3297.9229    3635.4155    3399.1707
    134.2000    3616.4565    4235.6431    3291.3218    3638.8728    3396.4778
    134.3000    3613.4363    4231.0181    3291.2419    3634.0427    3391.9612
    134.4000    3615.8704    4227.0312    3286.8533    3638.6377    3395.2781
    134.5000    3616.5935    4220.4995    3284.4692    3643.4978    3395.3276
    134.6000    3623.5781    4217.7363    3278.1157    3645.7722    3402.4402
    134.7000    3624.7966    4217.0049    3280.6067    3644.1506    3413.9985
    134.8000    3622.8625    4219.4839    3277.2078    3645.1731    3416.2690
    134.9000    3628.1204    4226.8364    3278.0059    3658.0544    3414.9482
    135.0000    3631.7373    4225.8750    3277.5566    3669.2217    3421.7312
    135.1000    3635.8918    4222.8838    3275.4590    3672.7651    3440.1516
    135.2000    3641.9912    4220.9614    3277.1985    3669.3611    3438.9404
    135.3000    3651.2896    4214.3438    3274.0637    3669.0923    3441.2864
    135.4000    3652.3918    4211.4438    3281.9021    3669.8813    3438.5261
    135.5000    3649.7964    4213.9834    3284.8206    3669.0994    3447.4280
    135.6000    3656.4338    4221.4785    3286.9402    3677.0347    3450.4861
    135.7000    3660.3252    4223.9106    3285.2073    3682.5505    3448.1084
    135.8000    3668.4966    4224.3745    3290.1880    3684.8113    3447.1064
    135.9000    3674.0957    4230.7871    3306.3657    3683.0803    3448.9795
    136.0000    3677.5725    4239.3438    3315.9097    3681.7271    3450.1841
    136.1000    3682.0737    4242.0928    3320.9604    3673.6792    3459.3147
    136.2000    3686.4912    4244.8892    3326.3286    3668.2119    3461.5481
    136.3000    3697.8137    4252.0332    3329.8948    3677.6028    3465.4307
    136.4000    3708.9551    4245.6997    3324.7200    3684.8901    3473.0862
    136.5000    3715.5825    4244.3105    3327.6357    3687.2627    3473.7356
    136.6000    3720.8213    4246.8413    3331.3379    3684.0544    3468.2500
    136.7000    3717.7441    4258.6113    3336.9028    3689.3582    3466.2551
    136.8000    3719.5376    4261.6060    3333.4343    3695.1592    3463.7783
    136.9000    3726.0520    4268.7197    3337.2158    3697.6768    3465.0034
    137.0000    3735.4536    4280.1113    3342.1902    3705.5283    3465.1255
    137.1000    3744.6331    4300.0186    3340.8403    3710.2529    3475.8442
    137.2000    3750.6265    4310.1787    3344.7673    3710.5894    3473.6384
    137.3000    3754.1230    4316.3525    3350.8230    3708.4709    3474.5354
    137.4000    3751.1753    4316.7188    3360.6182    3702.7488    3469.5254
    137.5000    3750.6924    4322.7769    3370.4106    3702.1768    3462.7080
    137.6000    3750.7834    4324.9697    3373.4924    3701.3130    3462.2893
    137.7000    3753.5942    4331.4629    3374.7410    3703.5562    3466.0706
    137.8000    3753.2568    4342.0571    3376.7549    3700.5549    3469.3484
    137.9000    3747.8918    4351.4302    3383.9797    3699.1938    3470.3486
    138.0000    3746.1106    4355.9912    3386.0967    3695.3408    3479.5134
    138.1000    3749.7795    4362.9800    3393.4192    3695.7725    3480.8704
    138.2000    3753.5928    4357.8276    3400.0891    3706.6299    3479.3044
    138.3000    3749.0032    4353.4243    3404.8662    3711.4951    3476.0447
    138.4000    3747.9551    4346.2798    3396.9380    3716.6560    3478.7795
    138.5000    3748.7668    4348.2544    3396.7947    3713.9363    3480.9307
    138.6000    3744.8416    4347.2183    3399.6802    3715.8755    3488.2346
    138.7000    3741.0005    4353.8638    3404.1152    3714.9653    3500.2954
    138.8000    3747.9231    4359.8003    3411.0713    3722.7957    3503.8577
    138.9000    3749.1003    4356.8584    3411.9299    3725.0232    3497.4529
    139.0000    3749.6687    4352.6436    3417.0088    3726.1565    3502.2834
    139.1000    3740.6707    4349.4580    3420.6355    3725.0667    3509.7229
    139.2000    3734.1343    4349.2539    3420.1113    3726.2722    3520.5049
    139.3000    3734.7534    4354.0649    3423.9075    3724.8550    3519.9988
    139.4000    3732.3333    4359.0825    3421.9722    3724.7627    3525.7651
    139.5000    3724.4409    4365.4023    3428.4917    3725.7595    3529.6980
    139.6000    3718.4316    4361.7759    3438.6301    3732.6736    3520.8926
    139.7000    3712.7271    4372.5469    3444.8115    3735.1504    3533.1614
    139.8000    3712.5537    4375.6665    3444.4509    3728.4578    3537.2808
    139.9000    3720.4990    4371.1851    3442.5212    3726.1763    3539.8770
    140.0000    3728.2178    4362.8115    3440.3948    3724.0251    3549.5591
    140.1000    3726.0176    4364.7261    3442.6646    3712.2090    3546.3792
    140.2000    3727.4668    4363.4214    3441.4858    3704.4956    3542.4939
    140.3000    3728.7778    4368.8779    3442.2078    3705.7170    3545.8755
    140.4000    3732.6438    4380.6450    3444.2517    3704.7817    3554.4966
    140.5000    3740.8840    4388.5981    3447.3984    3712.2822    3551.2048
    140.6000    3738.0654    4397.1816    3456.1799    3700.6719    3544.9485
    140.7000    3733.0449    4403.5776    3461.6318    3692.5056    3546.5481
    140.8000    3729.1968    4427.5820    3460.1128    3687.3501    3548.2590
    140.9000    3734.3003    4445.8320    3466.5322    3690.2776    3548.1182
    141.0000    3738.7043    4442.5771    3475.2317    3691.8247    3543.3184
    141.1000    3741.5859    4440.4341    3480.8635    3691.8455    3544.6833
    141.2000    3739.4885    4445.4238    3474.9927    3681.8628    3533.2971
    141.3000    3734.8347    4443.6396    3487.8677    3682.2048    3530.0388
    141.4000    3737.4150    4444.8550    3493.3528    3686.8223    3527.9890
    141.5000    3739.1042    4448.8228    3498.7495    3693.2300    3545.5400
    141.6000    3735.2563    4456.5054    3493.7419    3693.2842    3555.3403
    141.7000    3730.5417    4459.3950    3484.4971    3702.7673    3562.3330
    141.8000    3728.9919    4467.1284    3482.2786    3715.2957    3566.6428
    141.9000    3736.9905    4471.3105    3488.8799    3727.3506    3568.7637
    142.0000    3743.9756    4478.0283    3493.2666    3733.9248    3571.1013
    142.1000    3748.5251    4483.0791    3494.6350    3740.6858    3569.1394
    142.2000    3751.3438    4487.1504    3485.0098    3738.0701    3571.3779
    142.3000    3753.9207    4488.1694    3481.9353    3744.8953    3580.0454
    142.4000    3760.7593    4494.5879    3479.8818    3748.6545    3589.2969
    142.5000    3762.5718    4501.3096    3475.4700    3760.6626    3601.7075
    142.6000    3759.2981    4499.1187    3472.3464    3764.4192    3610.3069
    142.7000    3762.6521    4497.9229    3468.5239    3765.0811    3614.5347
    142.8000    3772.4229    4503.2944    3467.3376    3762.9910    3611.7686
    142.9000    3777.1050    4504.7285    3475.3047    3762.3950    3602.9099
    143.0000    3781.5903    4511.6660    3475.5425    3762.0906    3602.1965
    143.1000    3781.6504    4514.6606    3476.8369    3766.3159    3598.4561
    143.2000    3783.2385    4518.5747    3474.4031    3776.4482    3598.0332
    143.3000    3785.1628    4528.6431    3474.1182    3780.9729    3603.8049
    143.4000    3786.8379    4536.9004    3488.5156    3775.4763    3609.6191
    143.5000    3784.4778    4540.5449    3495.8240    3780.2847    3616.9802
    143.6000    3786.4221    4550.4429    3494.8130    3786.2673    3623.5059
    143.7000    3780.0825    4556.3823    3491.0903    3794.0229    3625.6228
    143.8000    3781.4231    4563.7227    3491.1926    3807.0947    3625.6084
    143.9000    3788.4229    4572.7207    3491.9785    3818.0813    3621.6768
    144.0000    3795.6956    4583.9570    3491.1284    3820.2559    3622.5562
    144.1000    3801.0208    4587.1528    3484.7551    3816.4141    3621.1130
    144.2000    3810.8105    4590.2837    3477.3889    3813.2454    3624.2581
    144.3000    3821.8064    4602.4028    3476.9067    3818.1482    3623.5603
    144.4000    3823.9878    4609.4570    3479.9949    3821.7095    3610.3535
    144.5000    3829.8740    4610.7617    3478.9207    3818.4690    3614.8503
    144.6000    3826.2795    4622.6772    3476.1814    3822.0312    3618.3552
    144.7000    3820.0828    4628.8218    3468.4402    3828.1199    3621.3525
    144.8000    3832.9958    4628.6650    3466.9561    3825.4458    3628.5771
    144.9000    3835.4314    4622.0894    3466.4519    3820.9072    3629.9277
    145.0000    3844.5168    4621.4512    3468.2095    3827.5000    3625.6406
    145.1000    3846.1626    4618.8901    3462.8286    3831.1675    3625.7322
    145.2000    3854.5173    4615.9956    3459.5562    3834.4233    3632.1541
    145.3000    3866.0435    4618.9429    3456.7893    3841.4912    3639.0769
    145.4000    3865.4531    4627.0957    3463.2656    3850.3113    3641.4995
    145.5000    3868.4045    4637.3491    3465.0371    3852.0120    3648.1550
    145.6000    3872.3652    4638.2939    3467.0178    3848.0823    3651.3235
    145.7000    3881.5771    4645.6196    3464.9609    3848.9021    3655.5037
    145.8000    3884.6799    4654.5942    3458.6982    3846.7205    3655.0034
    145.9000    3892.7656    4669.6987    3464.2795    3849.3127    3652.8760
    146.0000    3904.5562    4673.0801    3465.8579    3856.1360    3651.0034
    146.1000    3909.3904    4674.2744    3479.4468    3861.3062    3652.6785
    146.2000    3918.1267    4678.2378    3488.1199    3867.9189    3650.7573
    146.3000    3929.7783    4682.8584    3493.9204    3876.4893    3654.5659
    146.4000    3932.7864    4688.5288    3500.5525    3879.8391    3661.9329
    146.5000    3942.3948    4687.4395    3498.1704    3885.7925    3668.2644
    146.6000    3952.7253    4697.5161    3490.9084    3896.1567    3676.1406
    146.7000    3956.6956    4715.4473    3487.4722    3900.3779    3686.1909
    146.8000    3961.4919    4719.1836    3486.2036    3905.2549    3693.2637
    146.9000    3977.0203    4711.8970    3484.6875    3907.3340    3697.3049
    147.0000    3986.6985    4710.8340    3480.5081    3913.3157    3706.1047
    147.1000    3991.6819    4719.6479    3477.5330    3917.9797    3710.8850
    147.2000    4000.9924    4726.9668    3478.9067    3922.3184    3710.4858
    147.3000    4002.6621    4724.8613    3486.5510    3920.3735    3701.6455
    147.4000    4010.5562    4729.4272    3491.0095    3930.2402    3709.2463
    147.5000    4015.4348    4733.6230    3491.8301    3928.2334    3716.0623
    147.6000    4017.6218    4733.9941    3498.3982    3925.8994    3718.6077
    147.7000    4021.8989    4741.1372    3504.7146    3920.9514    3732.4392
    147.8000    4018.2822    4754.4360    3508.1482    3915.1482    3735.7627
    147.9000    4007.6099    4757.8247    3511.4219    3909.3923    3744.9778
    148.0000    4010.1006    4758.7319    3520.8159    3907.7410    3754.7783
    148.1000    4014.5330    4766.0220    3536.8235    3905.2244    3760.4597
    148.2000    4020.6528    4779.7461    3545.8721    3900.1943    3767.6338
    148.3000    4022.6799    4784.7349    3552.5425    3904.6533    3767.3154
    148.4000    4023.7419    4794.0913    3548.8323    3905.8003    3769.9744
    148.5000    4021.3613    4808.6743    3547.2686    3904.5347    3783.8792
    148.6000    4026.9878    4808.3320    3545.4619    3903.5818    3797.8342
    148.7000    4044.3188    4818.6152    3547.7744    3896.1416    3809.3206
    148.8000    4053.1880    4821.0967    3558.5474    3893.7317    3817.0676
    148.9000    4067.1140    4832.1387    3562.3948    3891.8467    3820.5073
    149.0000    4078.2529    4836.1729    3560.9709    3892.4163    3819.4729
    149.1000    4094.6152    4837.4771    3559.8677    3891.8230    3816.1689
    149.2000    4110.5679    4844.7666    3555.8171    3897.1318    3814.4045
    149.3000    4118.6216    4844.8462    3555.9910    3898.8862    3817.0439
    149.4000    4124.1387    4848.1875    3555.4485    3906.8142    3817.5137
    149.5000    4131.0254    4846.4575    3557.3792    3910.0127    3809.6853
    149.6000    4135.9399    4845.2246    3552.3250    3916.8792    3810.4675
    149.7000    4147.8081    4850.2563    3554.7412    3925.0322    3819.5386
    149.8000    4154.7646    4854.7710    3560.4553    3926.9722    3817.1807
    149.9000    4164.9131    4853.0005    3561.4050    3930.9109    3827.2800
    150.0000    4176.4736    4855.5186    3561.6655    3935.9380    3833.7139
    150.1000    4193.9922    4855.6191    3555.7593    3940.4563    3837.7717
    150.2000    4204.8125    4856.9863    3555.3276    3945.5449    3849.2566
    150.3000    4211.7231    4857.1865    3552.2327    3949.3005    3858.7698
    150.4000    4211.6167    4849.8740    3542.6975    3953.7283    3862.0642
    150.5000    4209.3848    4848.3286    3540.1816    3958.1558    3870.4221
    150.6000    4212.6216    4844.8950    3538.4104    3953.1904    3876.0178
    150.7000    4213.8188    4853.5664    3538.9675    3943.9067    3870.1575
    150.8000    4215.3262    4857.6211    3531.3704    3946.9766    3869.5603
    150.9000    4224.3252    4861.6528    3532.4236    3942.1184    3871.1003
    151.0000    4232.6694    4862.2817    3532.1707    3940.9163    3872.8716
    151.1000    4239.4678    4860.9194    3536.5769    3937.6963    3879.1638
    151.2000    4247.2466    4863.2612    3538.6245    3939.9551    3886.3049
    151.3000    4257.7100    4860.5854    3537.7454    3936.8755    3886.3057
    151.4000    4262.9658    4861.0337    3537.6135    3938.8303    3894.3240
    151.5000    4268.6953    4854.2095    3551.5059    3938.3926    3896.9958
    151.6000    4268.8418    4846.7021    3558.0842    3936.1787    3910.3652
    151.7000    4269.9146    4838.6606    3560.1396    3939.7029    3906.9004
    151.8000    4278.3496    4846.7148    3557.9397    3942.2356    3906.0676
    151.9000    4279.1182    4840.6133    3557.8936    3945.3479    3912.9033
    152.0000    4277.8003    4853.7241    3564.4629    3952.9309    3924.1338
    152.1000    4270.5356    4854.4087    3571.3057    3954.1741    3920.4333
    152.2000    4262.0566    4846.9482    3582.4697    3951.7505    3926.0479
    152.3000    4258.7573    4844.9146    3589.3840    3952.6113    3931.0769
    152.4000    4253.0586    4847.7925    3590.0417    3953.4573    3933.6104
    152.5000    4264.8408    4842.7637    3593.8372    3948.9253    3919.2334
    152.6000    4271.3057    4843.1538    3594.6685    3952.5005    3918.5950
    152.7000    4274.0371    4852.0381    3603.8674    3961.5371    3934.4629
    152.8000    4268.3887    4852.8823    3598.2126    3969.0156    3936.0042
    152.9000    4266.5410    4846.9199    3592.0955    3972.1213    3937.5056
    153.0000    4267.9692    4841.9316    3588.6562    3977.7527    3937.2478
    153.1000    4264.9814    4847.7129    3588.8010    3980.2310    3945.1392
    153.2000    4262.3379    4852.0410    3596.3044    3981.3171    3952.3870
    153.3000    4267.1079    4854.2900    3599.6609    3990.6643    3963.4736
    153.4000    4273.0596    4854.2495    3609.0115    3994.1145    3966.5759
    153.5000    4279.8848    4857.1841    3611.1763    3998.1934    3964.8154
    153.6000    4288.3872    4858.4883    3611.6548    4003.6958    3962.8674
    153.7000    4296.5889    4864.7534    3612.2012    4008.1438    3971.7449
    153.8000    4297.1655    4866.4375    3616.4990    4017.3120    3972.8584
    153.9000    4312.9722    4856.5137    3623.7861    4026.9280    3975.5022
    154.0000    4325.4995    4848.0933    3631.0615    4030.2092    3982.6985
    154.1000    4327.6499    4848.6050    3637.3906    4028.7229    3987.1787
    154.2000    4324.8130    4853.7715    3646.2659    4025.8623    3990.9233
    154.3000    4316.6245    4842.1396    3646.9558    4031.3293    3990.7073
    154.4000    4317.7598    4849.5923    3644.8535    4034.1377    3993.5212
    154.5000    4316.0537    4856.5586    3645.0413    4038.6567    3995.8704
    154.6000    4314.9419    4852.7466    3647.1973    4048.9785    4001.3772
    154.7000    4308.0630    4856.7280    3651.5481    4046.3125    4003.0371
    154.8000    4301.8262    4860.8228    3649.5510    4045.9426    4004.4683
    154.9000    4293.0874    4866.0708    3652.7937    4045.6191    4008.0769
    155.0000    4296.2715    4872.9238    3650.9797    4048.4822    4012.6675
    155.1000    4294.6709    4879.4487    3653.1370    4053.7275    4018.1777
    155.2000    4301.7539    4874.3003    3661.2112    4052.1672    4022.5916
    155.3000    4309.1011    4872.3975    3665.3708    4051.1111    4026.1079
    155.4000    4313.0771    4875.6587    3669.0903    4056.7698    4027.3792
    155.5000    4318.3838    4867.5449    3664.6016    4059.9319    4034.0640
    155.6000    4320.3384    4865.2148    3656.9753    4062.3708    4043.2922
    155.7000    4322.0488    4864.8540    3653.5544    4061.9761    4046.5527
    155.8000    4326.0898    4867.6372    3654.4746    4073.4314    4050.6748
    155.9000    4329.2305    4872.9937    3653.1418    4085.3020    4049.9954
    156.0000    4331.1431    4878.0493    3648.1653    4090.3303    4046.0251
    156.1000    4329.9556    4872.7910    3648.9080    4094.1965    4051.8159
    156.2000    4330.0811    4875.1738    3652.6646    4097.3848    4058.1897
    156.3000    4326.8511    4879.0366    3656.5972    4095.0730    4059.2017
    156.4000    4321.9165    4888.1250    3660.6753    4096.2568    4056.9553
    156.5000    4318.2778    4896.1416    3654.3560    4100.7822    4063.9844
    156.6000    4309.2568    4902.4775    3647.4270    4102.6001    4060.4600
    156.7000    4310.5938    4904.8364    3639.5593    4102.4116    4064.9888
    156.8000    4304.2964    4916.8916    3633.1487    4108.8623    4060.7041
    156.9000    4309.8242    4921.2969    3627.7698    4109.4634    4068.9231
    157.0000    4313.0581    4922.6821    3619.3391    4116.4756    4077.0859
    157.1000    4308.0586    4927.1367    3617.4084    4118.9966    4071.6465
    157.2000    4308.9243    4927.1475    3622.8599    4117.5425    4076.4968
    157.3000    4327.2319    4925.4287    3629.0098    4124.7383    4084.7153
    157.4000    4340.8340    4919.9824    3639.2090    4135.6870    4092.8606
    157.5000    4353.9556    4930.8994    3648.7302    4137.8901    4091.0295
    157.6000    4360.4316    4938.1772    3652.4150    4142.6494    4090.8323
    157.7000    4361.8687    4945.5371    3659.4299    4148.2646    4085.1394
    157.8000    4359.8569    4960.2637    3664.7776    4143.5337    4089.8669
    157.9000    4358.5049    4968.1226    3668.1672    4144.7661    4092.8809
    158.0000    4365.1616    4967.6406    3674.8176    4143.0410    4095.8259
    158.1000    4363.6450    4971.3911    3679.5122    4143.1055    4103.8755
    158.2000    4375.5083    4980.4619    3686.0183    4147.4883    4110.2456
    158.3000    4375.2544    4979.4214    3692.4839    4138.5762    4111.5542
    158.4000    4377.6963    4977.7002    3696.5291    4143.6118    4107.0679
    158.5000    4374.2144    4967.8354    3705.9050    4148.4385    4096.4805
    158.6000    4379.4941    4960.9087    3707.9375    4153.0503    4099.2715
    158.7000    4383.0796    4965.9927    3711.1150    4158.5439    4105.5664
    158.8000    4390.2607    4972.3804    3716.7566    4163.9692    4108.4775
    158.9000    4394.9766    4983.5400    3726.7717    4165.7544    4105.7773
    159.0000    4397.5908    4990.0322    3733.1125    4172.9248    4097.6851
    159.1000    4408.8594    4987.8574    3748.2473    4172.7290    4097.3184
    159.2000    4410.8911    4989.1040    3755.7224    4171.8604    4097.5552
    159.3000    4415.6597    4993.3325    3758.0596    4172.9897    4101.8232
    159.4000    4412.2690    4999.8208    3748.8687    4178.0732    4106.6699
    159.5000    4412.5171    5004.4341    3745.6372    4176.7871    4112.9775
    159.6000    4416.8481    5001.6841    3753.4685    4173.2012    4118.2539
    159.7000    4418.6899    4998.9443    3754.1157    4172.5879    4125.0425
    159.8000    4418.5117    5001.4561    3761.4319    4170.6143    4128.9272
    159.9000    4419.9814    5001.9976    3765.8828    4167.1050    4134.9927
    160.0000    4426.8735    5000.7583    3772.0037    4168.5527    4135.6699
    160.1000    4429.2725    5003.5801    3775.6948    4168.6138    4136.3638
    160.2000    4425.1421    5005.7319    3783.6765    4161.0483    4145.6128
    160.3000    4420.2432    5023.2197    3790.9143    4162.7241    4152.6187
    160.4000    4414.9375    5039.8042    3793.8818    4158.6987    4152.3013
    160.5000    4422.3203    5042.7227    3794.1191    4156.7803    4155.6421
    160.6000    4428.8438    5046.8853    3799.8716    4160.8618    4157.0835
    160.7000    4436.9023    5050.4873    3812.1562    4163.8774    4166.0156
    160.8000    4430.7544    5058.0073    3811.1846    4170.1270    4175.8867
    160.9000    4430.3979    5065.9287    3811.1855    4174.1270    4174.6367
    161.0000    4426.3418    5054.3628    3821.7136    4189.0015    4175.1152
    161.1000    4412.8667    5065.0366    3824.5256    4195.7725    4180.3135
    161.2000    4416.2769    5079.9790    3828.3235    4192.5371    4182.9502
    161.3000    4422.5898    5085.3911    3832.1865    4193.2944    4189.5254
    161.4000    4417.7896    5095.2490    3833.4717    4202.8794    4186.9658
    161.5000    4422.0669    5100.5312    3833.4192    4207.3262    4185.3618
    161.6000    4428.2031    5102.4434    3837.5256    4213.6230    4190.0679
    161.7000    4433.1758    5102.7065    3837.3313    4213.5210    4192.5332
    161.8000    4432.8184    5110.8540    3847.4072    4222.4209    4185.0195
    161.9000    4436.7324    5110.2061    3853.2529    4226.0864    4185.8398
    162.0000    4447.3379    5112.9106    3853.6418    4224.3208    4183.6289
    162.1000    4448.2026    5113.6504    3855.2532    4235.0098    4184.3374
    162.2000    4437.7612    5125.7417    3861.4014    4247.9619    4174.6860
    162.3000    4432.3350    5128.9839    3869.1831    4248.3994    4174.6562
    162.4000    4440.9980    5130.1875    3873.1611    4250.7109    4175.4717
    162.5000    4440.3208    5123.3501    3867.3872    4254.9805    4177.5786
    162.6000    4454.8296    5118.9106    3867.2756    4256.5723    4187.9224
    162.7000    4463.1665    5113.4897    3870.9021    4262.6787    4196.1743
    162.8000    4468.5146    5119.0962    3871.4114    4264.0000    4193.5303
    162.9000    4470.4888    5124.9697    3870.4265    4271.4624    4195.6050
    163.0000    4463.5020    5134.8062    3866.6943    4273.5806    4191.0366
    163.1000    4458.0396    5136.8198    3872.1780    4290.0894    4186.0864
    163.2000    4458.9771    5144.5498    3877.3999    4301.3281    4177.5649
    163.3000    4461.6919    5142.9321    3879.5823    4301.0576    4183.1606
    163.4000    4461.9971    5152.4385    3879.3142    4297.7290    4188.8804
    163.5000    4466.9170    5162.3594    3876.9565    4296.0996    4187.4897
    163.6000    4471.9429    5162.4351    3879.3044    4301.3750    4188.7998
    163.7000    4473.2974    5171.1460    3879.1621    4305.1729    4189.1113
    163.8000    4474.5190    5189.6772    3878.9700    4306.5327    4190.4263
    163.9000    4477.3784    5202.6377    3880.9011    4310.2944    4195.7939
    164.0000    4473.3052    5210.5894    3885.3323    4312.4888    4191.1528
    164.1000    4463.3813    5213.9321    3892.7522    4303.8193    4192.3848
    164.2000    4462.5176    5211.5869    3890.3818    4310.7095    4189.2339
    164.3000    4468.1670    5206.4946    3888.3901    4311.2285    4183.5806
    164.4000    4480.5215    5209.3911    3887.6006    4322.6709    4181.6450
    164.5000    4493.3584    5213.1895    3890.6250    4325.9771    4182.8696
    164.6000    4497.7212    5219.2231    3898.8372    4338.2930    4188.4248
    164.7000    4498.4546    5213.7832    3906.2964    4337.0791    4190.3438
    164.8000    4500.2695    5218.2524    3906.9768    4332.5962    4192.6211
    164.9000    4518.5293    5219.6724    3900.6760    4337.2622    4197.3730
    165.0000    4539.8208    5227.0273    3900.3298    4342.4468    4207.1372
    165.1000    4550.3882    5231.4600    3911.8936    4348.2554    4210.2144
    165.2000    4543.7041    5233.4561    3922.4900    4354.2646    4210.5293
    165.3000    4537.0371    5236.3691    3919.5925    4350.6943    4217.2964
    165.4000    4538.0942    5242.7373    3911.5005    4342.3628    4221.7383
    165.5000    4548.5112    5247.2095    3913.0784    4339.5264    4217.5923
    165.6000    4547.8135    5256.4155    3915.6465    4341.2612    4213.2500
    165.7000    4543.4600    5268.1738    3916.4192    4346.2153    4210.8530
    165.8000    4551.7891    5274.8794    3921.4456    4344.7231    4204.2725
    165.9000    4557.4277    5274.9644    3923.5520    4344.7427    4207.3535
    166.0000    4559.5083    5277.8882    3918.0034    4354.0303    4207.9058
    166.1000    4558.9868    5285.3286    3912.3972    4360.5830    4198.9819
    166.2000    4564.6587    5290.2163    3910.6685    4369.0806    4194.6821
    166.3000    4573.2754    5300.6841    3909.7563    4374.7129    4189.5103
    166.4000    4577.0869    5291.2812    3916.3276    4368.1338    4191.2793
    166.5000    4577.4302    5284.6602    3914.6316    4371.2256    4188.0122
    166.6000    4580.7632    5282.4312    3907.0408    4378.1323    4188.7144
    166.7000    4584.6914    5276.8755    3907.2268    4383.5000    4182.4741
    166.8000    4598.5361    5279.9668    3906.9268    4386.4795    4182.0396
    166.9000    4608.8613    5289.7397    3902.2444    4393.5210    4181.4683
    167.0000    4617.2559    5298.7163    3921.0786    4391.4966    4182.4619
    167.1000    4627.6240    5307.5425    3926.1113    4385.6567    4184.2993
    167.2000    4633.9702    5314.7500    3934.3779    4379.8628    4184.1934
    167.3000    4634.3540    5320.8208    3943.1692    4386.3271    4184.9180
    167.4000    4627.2407    5325.9468    3948.1604    4388.6055    4193.1567
    167.5000    4636.1885    5342.7246    3949.8037    4390.4756    4205.3521
    167.6000    4646.8555    5345.0195    3954.6907    4388.9990    4212.6318
    167.7000    4646.3564    5339.8774    3956.4214    4397.1489    4218.1250
    167.8000    4643.9863    5350.7310    3952.0647    4397.7363    4229.6099
    167.9000    4642.5122    5353.3906    3958.1106    4407.9199    4225.8574
    168.0000    4647.4072    5362.8730    3973.8091    4418.0630    4230.4492
    168.1000    4640.8042    5369.1724    3976.4067    4415.9199    4230.8242
    168.2000    4644.9194    5373.5249    3973.9480    4415.9287    4230.8730
    168.3000    4648.8286    5379.9121    3978.3682    4418.8877    4232.0942
    168.4000    4649.1572    5384.2744    3984.1689    4423.6436    4219.1304
    168.5000    4650.9355    5388.6816    3985.3657    4423.8750    4223.8833
    168.6000    4662.7041    5395.0684    3989.7864    4419.8960    4225.7959
    168.7000    4661.9644    5395.5903    3985.6411    4425.9536    4221.2383
    168.8000    4659.4854    5400.4238    3991.8582    4431.2808    4224.9575
    168.9000    4660.6191    5411.0439    4012.5254    4433.3208    4215.4521
    169.0000    4662.1128    5411.5000    4023.3442    4427.9351    4217.1504
    169.1000    4669.2583    5413.7490    4025.6047    4436.9028    4221.0366
    169.2000    4673.4634    5422.1660    4021.3088    4437.1387    4213.2061
    169.3000    4683.2012    5434.4072    4021.3584    4437.3442    4210.2568
    169.4000    4678.1040    5441.9033    4013.2053    4434.6274    4211.6616
    169.5000    4689.8423    5455.3623    4012.2297    4434.3804    4204.1255
    169.6000    4697.6167    5459.7915    4017.8066    4432.6318    4203.5444
    169.7000    4697.8511    5464.9312    4025.8223    4441.9370    4210.9990
    169.8000    4699.9570    5462.9570    4024.7869    4442.1587    4215.8301
    169.9000    4695.2979    5461.1655    4031.0142    4437.5293    4216.0425
    170.0000    4701.6406    5460.5815    4028.8206    4441.8760    4218.2778
    170.1000    4701.9443    5471.3301    4019.3560    4439.0005    4219.8667
    170.2000    4703.7310    5486.1616    4010.0486    4448.7812    4225.7573
    170.3000    4715.3149    5500.1914    4011.6816    4450.7622    4232.9873
    170.4000    4719.1807    5514.6294    4010.0557    4453.2847    4236.4565
    170.5000    4711.9277    5521.9502    4008.0903    4451.9907    4240.2622
    170.6000    4714.1475    5532.2305    4005.6038    4461.1792    4239.4067
    170.7000    4710.6558    5538.3662    4010.2454    4456.4497    4233.3730
    170.8000    4705.4409    5536.5801    4009.1208    4458.9287    4234.5972
    170.9000    4703.8193    5538.5908    4013.7366    4459.6323    4239.5430
    171.0000    4712.8779    5532.6206    4020.4175    4469.6738    4236.1709
    171.1000    4714.7979    5531.8638    4026.0532    4473.2676    4235.5688
    171.2000    4720.3130    5528.9102    4024.7478    4476.5386    4229.9175
    171.3000    4731.2842    5533.5752    4028.2517    4486.7144    4228.0220
    171.4000    4739.4712    5526.6875    4028.3245    4490.4907    4231.1167
    171.5000    4740.2559    5516.5396    4027.0325    4491.3887    4233.3237
    171.6000    4743.2251    5520.8286    4026.2546    4490.8682    4230.9414
    171.7000    4753.0679    5518.7808    4027.7659    4496.3008    4223.5693
    171.8000    4757.1270    5525.0127    4033.5310    4511.0566    4228.7344
    171.9000    4756.3887    5519.5068    4037.9939    4517.1372    4234.8242
    172.0000    4756.9106    5515.6353    4052.5520    4527.5337    4241.4878
    172.1000    4745.7310    5517.5312    4057.1494    4533.7012    4249.9883
    172.2000    4744.1475    5512.2681    4056.7004    4540.4116    4254.1831
    172.3000    4753.4482    5511.6958    4058.3762    4552.0981    4263.7456
    172.4000    4759.5361    5511.0459    4065.2419    4551.8984    4269.4248
    172.5000    4766.0537    5519.8037    4069.7910    4542.8418    4268.9453
    172.6000    4780.4062    5520.6650    4089.9531    4540.7915    4277.0688
    172.7000    4784.2915    5522.2188    4095.5706    4542.0322    4280.5469
    172.8000    4787.3730    5522.2461    4094.0173    4550.5308    4284.3799
    172.9000    4790.9072    5522.4180    4096.1978    4550.2847    4285.5068
    173.0000    4796.1768    5529.2627    4102.2104    4557.9941    4288.8101
    173.1000    4790.6636    5534.9282    4109.7856    4564.4375    4287.8179
    173.2000    4792.7441    5549.5322    4114.3584    4565.7422    4278.2495
    173.3000    4789.0337    5549.2788    4124.3403    4565.1416    4278.7554
    173.4000    4784.5591    5552.6875    4132.1064    4554.5566    4280.1182
    173.5000    4771.4233    5553.9248    4130.6538    4556.6934    4280.0435
    173.6000    4772.3027    5556.3564    4138.6528    4561.5918    4281.1455
    173.7000    4766.0659    5561.2363    4137.1050    4567.7666    4287.0435
    173.8000    4770.5791    5561.8711    4146.8735    4558.9932    4294.5415
    173.9000    4764.0908    5563.2012    4154.5864    4555.8638    4294.2642
    174.0000    4760.1919    5569.0337    4158.3569    4555.5605    4294.7822
    174.1000    4760.5464    5577.5029    4159.4199    4552.8628    4285.9058
    174.2000    4767.1274    5578.4668    4163.5757    4554.0469    4285.1650
    174.3000    4765.6504    5579.0044    4169.8213    4560.4995    4288.8291
    174.4000    4770.3057    5575.3481    4170.5527    4566.4507    4295.9907
    174.5000    4781.2051    5581.4419    4170.8560    4571.9775    4307.0488
    174.6000    4783.5601    5579.2744    4173.2192    4573.3555    4322.1416
    174.7000    4792.9614    5576.3623    4176.2256    4577.7661    4329.1636
    174.8000    4796.7915    5583.9331    4178.1597    4577.7095    4335.3730
    174.9000    4801.0605    5589.7593    4176.7290    4578.8818    4348.7266
    175.0000    4805.9116    5606.0024    4172.0728    4573.5913    4357.3037
    175.1000    4811.7661    5621.2793    4167.9917    4574.0239    4357.0244
    175.2000    4816.6675    5627.9463    4160.7246    4574.1113    4362.8130
    175.3000    4830.6753    5638.5215    4161.2544    4584.0806    4362.9883
    175.4000    4826.1899    5635.1401    4165.1724    4588.1777    4360.3345
    175.5000    4826.5415    5629.2773    4164.3252    4585.1182    4359.5244
    175.6000    4825.4888    5617.9399    4170.0190    4584.3345    4366.5542
    175.7000    4823.6328    5603.2725    4170.6870    4582.1934    4374.1670
    175.8000    4818.8564    5605.7212    4175.1875    4585.4561    4377.1021
    175.9000    4820.6450    5612.8555    4175.3838    4582.2939    4381.4902
    176.0000    4831.6113    5622.1123    4180.4399    4586.1133    4393.1841
    176.1000    4834.6587    5628.6592    4182.2910    4584.7793    4395.7354
    176.2000    4841.2207    5630.4263    4185.5811    4587.0581    4393.1558
    176.3000    4847.1846    5636.6006    4192.8916    4584.8037    4402.0742
    176.4000    4847.7573    5630.4897    4190.1597    4580.9473    4409.2744
    176.5000    4843.0103    5624.6069    4190.0430    4578.8950    4405.3867
    176.6000    4836.6494    5618.9575    4191.5220    4579.2891    4404.4561
    176.7000    4842.1333    5624.1270    4192.1226    4586.4478    4406.1797
    176.8000    4842.0781    5631.3936    4200.6802    4586.6929    4401.1865
    176.9000    4843.0957    5643.7070    4207.1284    4583.7466    4400.1260
    177.0000    4841.4087    5656.9341    4207.7686    4587.0527    4410.9487
    177.1000    4835.6079    5657.8105    4206.5254    4582.6904    4411.0469
    177.2000    4835.5386    5652.1758    4206.7036    4583.4795    4411.1997
    177.3000    4834.4019    5654.1284    4211.7480    4580.1836    4411.9863
    177.4000    4828.6538    5667.9351    4207.4629    4578.4585    4406.8496
    177.5000    4830.9370    5681.0522    4213.9473    4578.7271    4400.7988
    177.6000    4828.2617    5689.5000    4218.4009    4588.1978    4411.4678
    177.7000    4826.6611    5694.8994    4219.1509    4599.4248    4421.6816
    177.8000    4833.7100    5697.5835    4226.6021    4600.5088    4425.5137
    177.9000    4834.7261    5698.8784    4225.1509    4606.5044    4426.9087
    178.0000    4828.2119    5701.0791    4223.6533    4599.0400    4423.0386
    178.1000    4831.7676    5702.7539    4224.7881    4599.8525    4432.3232
    178.2000    4842.1680    5707.6597    4232.4336    4598.2759    4439.2129
    178.3000    4835.6069    5708.1528    4232.5273    4601.6514    4444.5381
    178.4000    4835.5742    5703.8584    4236.3940    4599.4995    4448.0869
    178.5000    4823.2793    5710.5000    4230.3862    4601.0190    4448.6333
    178.6000    4812.8726    5716.9292    4230.7715    4590.3809    4454.3052
    178.7000    4813.3496    5736.7744    4240.8481    4585.2178    4457.4521
    178.8000    4806.8281    5741.0068    4248.4419    4588.5879    4460.6646
    178.9000    4801.8613    5743.1968    4250.9443    4585.6504    4473.8755
    179.0000    4795.0620    5751.6606    4248.9849    4581.3589    4479.8638
    179.1000    4794.0532    5756.0137    4254.0684    4576.2104    4484.1255
    179.2000    4793.0947    5768.0430    4260.4546    4581.3574    4487.4521
    179.3000    4793.9878    5779.2939    4253.4321    4580.8135    4502.0308
    179.4000    4798.7290    5792.8843    4251.8379    4581.2544    4511.5249
    179.5000    4794.0059    5804.9551    4251.8252    4580.2554    4524.6460
    179.6000    4786.7256    5805.8882    4260.0513    4582.6348    4529.3296
    179.7000    4781.3052    5809.6157    4269.7959    4584.4746    4530.9966
    179.8000    4776.6372    5824.3853    4271.8164    4589.2690    4527.4419
    179.9000    4776.1909    5830.5161    4263.8086    4588.8149    4530.3984
    180.0000    4766.0894    5825.3677    4262.8477    4591.0220    4538.5439
    180.1000    4762.2119    5825.3740    4270.5498    4593.3438    4539.8252
    180.2000    4765.3242    5833.1353    4278.9727    4603.6528    4531.7832
    180.3000    4773.2031    5840.9863    4292.1201    4611.8418    4518.4863
    180.4000    4779.9722    5841.0332    4293.7534    4610.4756    4517.6670
    180.5000    4788.6885    5837.5127    4299.6904    4610.9634    4517.1343
    180.6000    4801.5020    5839.8638    4302.9814    4611.3550    4511.4395
    180.7000    4816.8335    5841.0693    4306.6436    4613.3379    4517.9072
    180.8000    4825.3926    5859.1060    4316.5586    4600.1426    4528.5928
    180.9000    4821.7319    5856.8262    4331.5249    4594.0537    4537.0947
    181.0000    4812.1440    5852.7505    4338.7144    4593.8379    4543.7881
    181.1000    4810.8198    5848.8081    4343.9067    4595.5103    4551.5176
    181.2000    4811.0557    5856.8882    4347.3950    4591.8823    4554.9761
    181.3000    4804.1353    5857.7231    4350.0215    4598.1968    4561.8032
    181.4000    4797.5356    5858.4053    4356.5029    4596.6387    4556.1167
    181.5000    4798.8428    5865.1001    4367.8823    4597.5601    4551.5972
    181.6000    4800.7354    5864.4492    4371.1069    4594.9121    4555.5454
    181.7000    4810.2422    5853.3276    4368.6738    4593.4863    4558.6025
    181.8000    4819.9492    5841.8286    4367.8818    4589.1929    4555.6489
    181.9000    4826.6851    5832.8193    4370.2993    4595.5757    4561.4551
    182.0000    4832.1685    5823.7319    4375.6592    4593.3784    4574.2632
    182.1000    4828.4170    5827.3340    4384.0527    4591.6733    4577.8223
    182.2000    4836.5488    5829.3188    4393.2822    4599.2896    4589.2559
    182.3000    4843.7178    5833.1504    4396.4194    4595.8076    4587.3701
    182.4000    4853.8618    5828.3574    4404.4570    4605.6138    4584.6729
    182.5000    4860.2998    5821.6831    4403.3818    4613.9507    4584.8809
    182.6000    4863.3115    5812.6245    4407.1758    4635.0864    4598.9731
    182.7000    4861.9941    5799.0308    4405.4351    4643.4297    4610.5913
    182.8000    4868.2695    5790.0913    4408.1948    4647.2354    4622.3047
    182.9000    4872.2744    5791.4189    4414.0771    4645.2964    4628.4570
    183.0000    4870.2373    5782.0820    4424.7739    4648.1636    4628.6807
    183.1000    4874.1689    5772.7905    4428.5684    4650.7168    4638.0776
    183.2000    4873.7646    5760.2832    4438.9175    4653.9375    4631.0591
    183.3000    4873.7305    5756.2803    4452.2520    4653.1807    4635.1489
    183.4000    4873.5410    5747.7720    4457.8276    4665.3550    4638.8867
    183.5000    4885.1538    5749.1367    4450.1294    4672.3545    4634.0078
    183.6000    4897.6738    5752.6348    4448.5845    4668.4897    4638.0073
    183.7000    4911.2773    5752.2178    4447.8716    4672.8911    4642.4131
    183.8000    4914.4814    5753.8994    4441.7139    4666.1504    4648.0854
    183.9000    4920.3511    5758.9741    4438.0293    4662.1919    4660.9761
    184.0000    4921.3022    5775.6426    4436.5103    4677.4165    4659.7354
    184.1000    4919.8794    5779.8623    4442.9355    4671.9307    4658.9575
    184.2000    4917.4570    5785.2310    4445.6182    4669.3447    4662.1807
    184.3000    4912.0396    5791.9419    4450.8125    4669.3433    4667.1929
    184.4000    4911.1060    5798.7524    4449.1211    4670.0293    4669.0308
    184.5000    4913.3472    5802.0854    4454.3770    4665.1147    4668.1841
    184.6000    4929.9238    5802.3428    4463.5571    4669.6948    4681.9199
    184.7000    4932.8784    5805.9067    4475.3047    4681.8618    4691.4590
    184.8000    4931.7363    5805.2690    4480.5796    4686.2036    4707.6279
    184.9000    4933.6621    5800.9180    4481.5366    4692.8442    4711.8335
    185.0000    4932.6519    5807.0186    4482.6431    4691.5654    4716.9097
    185.1000    4931.3687    5819.4712    4490.2876    4687.7524    4720.9976
    185.2000    4940.0430    5830.0693    4492.9536    4695.5020    4721.7158
    185.3000    4944.0024    5829.7476    4499.1621    4701.9165    4715.0347
    185.4000    4952.1294    5834.3887    4496.6206    4696.6167    4715.0034
    185.5000    4954.0713    5829.2163    4496.8530    4700.3066    4708.5342
    185.6000    4962.1318    5827.9199    4508.0830    4708.1772    4702.7188
    185.7000    4962.1064    5826.4219    4518.7573    4712.5366    4706.9600
    185.8000    4965.1816    5835.5581    4527.0229    4713.9502    4705.3398
    185.9000    4964.1714    5831.5522    4535.6367    4718.1582    4711.2192
    186.0000    4967.8071    5828.1162    4534.1069    4718.8740    4718.4048
    186.1000    4973.7100    5827.8794    4538.9937    4715.7012    4718.3096
    186.2000    4978.9966    5831.1206    4537.5039    4708.0918    4719.4248
    186.3000    4984.9746    5822.1997    4543.5737    4708.3013    4726.7676
    186.4000    5004.1011    5820.9116    4545.5049    4710.8159    4731.6460
    186.5000    5013.6401    5816.7646    4544.1538    4719.6074    4742.4238
    186.6000    5019.9272    5821.2246    4548.9062    4726.7231    4746.3345
    186.7000    5025.3911    5822.0669    4555.3140    4731.2134    4748.0166
    186.8000    5029.2441    5825.9058    4552.8242    4735.0054    4750.2456
    186.9000    5032.4272    5816.9575    4546.6709    4733.7158    4757.2310
    187.0000    5032.7896    5812.1367    4546.5259    4727.6523    4761.4019
    187.1000    5036.1743    5813.8208    4554.4785    4732.6367    4773.1299
    187.2000    5034.8945    5807.9224    4559.0220    4732.1714    4775.7466
    187.3000    5031.9849    5811.4336    4559.3228    4739.7334    4780.5273
    187.4000    5032.2769    5810.1851    4550.3457    4748.0942    4779.4980
    187.5000    5035.1406    5821.9751    4548.8354    4752.3398    4784.5464
    187.6000    5046.3345    5825.5615    4552.6538    4750.3433    4788.5908
    187.7000    5051.9756    5835.3032    4556.5254    4759.6841    4795.6479
    187.8000    5055.4199    5836.7075    4551.5063    4767.5913    4798.2500
    187.9000    5048.0083    5839.1606    4558.4448    4768.8359    4795.0190
    188.0000    5048.7910    5851.8101    4562.7241    4772.2417    4787.7305
    188.1000    5057.2212    5849.3184    4568.8267    4777.8262    4786.7788
    188.2000    5057.4258    5850.8740    4573.6816    4784.0679    4787.4038
    188.3000    5050.8374    5861.1865    4584.0352    4783.4790    4777.9502
    188.4000    5046.1206    5867.8975    4591.2598    4788.2559    4773.0977
    188.5000    5041.2568    5871.6709    4596.8374    4797.1992    4776.2061
    188.6000    5043.0552    5884.0439    4605.5039    4797.3481    4785.3833
    188.7000    5045.4116    5887.8555    4605.2148    4792.0166    4794.2100
    188.8000    5049.6948    5892.6582    4601.4077    4785.3442    4793.0264
    188.9000    5058.6958    5895.7832    4601.3677    4800.2612    4794.1895
    189.0000    5057.8667    5899.4443    4596.7241    4805.5635    4793.1245
    189.1000    5054.4087    5890.3770    4584.7412    4809.8755    4788.3418
    189.2000    5044.7803    5891.5469    4581.3149    4811.2314    4790.3677
    189.3000    5046.9229    5892.9507    4585.3682    4812.2554    4797.2773
    189.4000    5038.7632    5900.4067    4593.0488    4809.0039    4801.8330
    189.5000    5036.9385    5906.3774    4593.9814    4811.9023    4803.4814
    189.6000    5051.5220    5916.7534    4594.6699    4815.9165    4812.6914
    189.7000    5051.6978    5920.8120    4600.5552    4824.8281    4817.8350
    189.8000    5054.0464    5923.6782    4612.3242    4825.2012    4816.8101
    189.9000    5065.4238    5922.8228    4620.1870    4822.7720    4812.1460
    190.0000    5072.6426    5920.2822    4627.0547    4820.5073    4822.0298
    190.1000    5075.7627    5915.9258    4641.1104    4826.6333    4825.4248
    190.2000    5074.9443    5910.9976    4650.9536    4836.5244    4820.1787
    190.3000    5077.5400    5903.5244    4662.0698    4838.5615    4830.0278
    190.4000    5081.7119    5895.4082    4662.6782    4835.6777    4839.5615
    190.5000    5088.5039    5893.5752    4668.9844    4835.6167    4859.4917
    190.6000    5094.9346    5897.4312    4670.1465    4836.7007    4872.5278
    190.7000    5108.8306    5901.0381    4679.9380    4841.3438    4879.7881
    190.8000    5113.1333    5900.5161    4688.4082    4844.0542    4885.4868
    190.9000    5108.0762    5900.5288    4692.9194    4851.5386    4892.9434
    191.0000    5108.0957    5901.2217    4693.6606    4853.9434    4907.3120
    191.1000    5109.2939    5902.1509    4702.2085    4847.5469    4920.9619
    191.2000    5108.1875    5901.1509    4704.7070    4847.0757    4918.7163
    191.3000    5103.7588    5902.2788    4722.3442    4853.0854    4933.9502
    191.4000    5096.6367    5906.2432    4727.4810    4872.9307    4938.6567
    191.5000    5089.2710    5914.3276    4729.9570    4889.0396    4941.0371
    191.6000    5083.7471    5920.3193    4730.1743    4896.2285    4944.6719
    191.7000    5085.6792    5925.3169    4723.6387    4901.3262    4944.0972
    191.8000    5078.9224    5919.4756    4714.5054    4905.7070    4949.6240
    191.9000    5074.6973    5921.9028    4709.4731    4902.3208    4953.2246
    192.0000    5069.2407    5928.1030    4711.9370    4901.2979    4957.2559
    192.1000    5069.6387    5928.4331    4708.9297    4900.7192    4962.2910
    192.2000    5073.3750    5936.5259    4711.3223    4897.1318    4969.6968
    192.3000    5082.6377    5932.8071    4707.0068    4904.8916    4970.9814
    192.4000    5081.8135    5936.8218    4704.0864    4921.5479    4970.4365
    192.5000    5073.0488    5941.6055    4692.7974    4932.5083    4964.8618
    192.6000    5072.4463    5937.4097    4694.5889    4934.5801    4963.7495
    192.7000    5075.9116    5939.9316    4700.3394    4942.9155    4971.1416
    192.8000    5062.9653    5928.5864    4698.9355    4960.2676    4979.8438
    192.9000    5059.8032    5918.5430    4709.5854    4968.7788    4968.7871
    193.0000    5059.2637    5913.6025    4718.9404    4955.5381    4968.7383
    193.1000    5061.9629    5915.8638    4727.0864    4948.9619    4972.7095
    193.2000    5073.8560    5908.7720    4734.5254    4941.6304    4977.7573
    193.3000    5083.1470    5912.7002    4741.0605    4943.4917    4980.3809
    193.4000    5093.7754    5907.7754    4748.6313    4949.4131    4979.1377
    193.5000    5095.7598    5907.8354    4745.7261    4966.3940    4980.9692
    193.6000    5083.9990    5898.6519    4749.3662    4981.5615    4976.7324
    193.7000    5089.4136    5899.3960    4746.7891    4995.1284    4961.5801
    193.8000    5081.2070    5899.7163    4744.3052    5003.8682    4953.4263
    193.9000    5078.6943    5902.2114    4741.0928    5006.1699    4951.1353
    194.0000    5073.8774    5896.3994    4742.2534    5006.5513    4945.1260
    194.1000    5071.1387    5897.2871    4746.9087    5010.2715    4943.2021
    194.2000    5082.9009    5901.9780    4754.4565    5021.4644    4943.6714
    194.3000    5085.0669    5897.9053    4762.6401    5032.1758    4945.8740
    194.4000    5083.6035    5891.4126    4765.4678    5044.5874    4954.8354
    194.5000    5089.7964    5897.9731    4766.7637    5049.4316    4964.0625
    194.6000    5103.2241    5892.7676    4760.3564    5057.6333    4959.8926
    194.7000    5104.6362    5889.9771    4749.4194    5061.7124    4972.7524
    194.8000    5103.4243    5890.8340    4752.6021    5070.0933    4978.5977
    194.9000    5104.7749    5884.8589    4749.8589    5076.0161    4985.7114
    195.0000    5112.6885    5892.6626    4751.6221    5084.3091    4992.4448
    195.1000    5112.7808    5905.3853    4753.0518    5087.5063    4986.4102
    195.2000    5117.7114    5916.7729    4753.5000    5088.3682    4989.2246
    195.3000    5111.1367    5919.8276    4758.5903    5094.8477    4982.4160
    195.4000    5109.0669    5919.8667    4759.6875    5090.5010    4976.4272
    195.5000    5110.2061    5922.6724    4760.9663    5093.6401    4972.9634
    195.6000    5115.6113    5938.9614    4760.6631    5093.4771    4973.1841
    195.7000    5117.8228    5940.6226    4762.0264    5096.2432    4980.2471
    195.8000    5118.2974    5936.5303    4767.4336    5088.9385    4993.2769
    195.9000    5120.5220    5932.1562    4757.5913    5086.4941    5000.5200
    196.0000    5119.7378    5934.2812    4764.2339    5081.4536    5003.5669
    196.1000    5115.1401    5935.9263    4756.8896    5084.1113    5001.9043
    196.2000    5116.5342    5944.8945    4748.4385    5079.6123    5011.4487
    196.3000    5119.2930    5942.2661    4751.8774    5075.3940    5016.6133
    196.4000    5123.8379    5946.5771    4755.9438    5082.5303    5018.7319
    196.5000    5125.3633    5946.2964    4765.5493    5091.2256    5020.3477
    196.6000    5129.1377    5953.2949    4763.5420    5093.2051    5021.2573
    196.7000    5129.8862    5953.6426    4773.1128    5092.6597    5020.0415
    196.8000    5127.5151    5961.3159    4775.7769    5094.1821    5021.2988
    196.9000    5125.0312    5961.2480    4795.6274    5104.3999    5017.7100
    197.0000    5122.8730    5960.3247    4797.4995    5114.3403    5016.9009
    197.1000    5130.8667    5973.7339    4798.9102    5128.9004    5018.7417
    197.2000    5132.2466    5973.7026    4801.2285    5128.6157    5018.3184
    197.3000    5142.3403    5971.0293    4802.2617    5125.5435    5023.9209
    197.4000    5148.4346    5975.2681    4807.9668    5124.0400    5028.3633
    197.5000    5155.1040    5965.0449    4802.1978    5123.9258    5018.7676
    197.6000    5163.8809    5963.0435    4793.4868    5132.9312    5017.5972
    197.7000    5166.4751    5963.9341    4787.4336    5130.8965    5023.9468
    197.8000    5160.4004    5976.4180    4793.9199    5147.5571    5028.5439
    197.9000    5161.8413    5989.5479    4792.0288    5147.9307    5031.7466
    198.0000    5159.9946    5989.5356    4792.3750    5163.7036    5038.1528
    198.1000    5162.8438    5983.1533    4800.7422    5175.0195    5035.5635
    198.2000    5162.2285    5978.4888    4809.6553    5171.7520    5038.5396
    198.3000    5166.4214    5973.1538    4810.3105    5169.4751    5039.5981
    198.4000    5169.9712    5973.0713    4819.7109    5171.6831    5040.1646
    198.5000    5174.0137    5979.5879    4813.4912    5174.1875    5040.9707
    198.6000    5172.5996    5978.0947    4812.7959    5181.4272    5046.0596
    198.7000    5183.8794    5969.3159    4821.3481    5179.8184    5052.7651
    198.8000    5193.3960    5984.5176    4833.4321    5179.5557    5066.7915
    198.9000    5204.1753    5993.5317    4844.6270    5187.1099    5070.4614
    199.0000    5208.5000    5991.6904    4850.7534    5196.5488    5075.6060
    199.1000    5216.7114    5995.8853    4862.0503    5209.8926    5076.1831
    199.2000    5217.0469    6001.8096    4869.4731    5222.3726    5077.6113
    199.3000    5221.9780    5998.6479    4881.6191    5215.0439    5082.3052
    199.4000    5234.1680    6012.0933    4883.1528    5222.7871    5092.9429
    199.5000    5253.1494    6017.1729    4884.6436    5215.8276    5102.4438
    199.6000    5262.8979    6028.4053    4890.6167    5217.5054    5113.9961
    199.7000    5258.7617    6035.2524    4894.6807    5215.8145    5120.9741
    199.8000    5266.7383    6039.3652    4896.4849    5217.7217    5119.1245
    199.9000    5263.4551    6040.3218    4902.7632    5219.1479    5110.8193
    200.0000    5250.8682    6046.0259    4912.4404    5209.8877    5108.7280
    200.1000    5244.8394    6048.1382    4915.5210    5207.4272    5119.8691
    200.2000    5246.9492    6050.6929    4922.2676    5215.0659    5138.5278
    200.3000    5247.1714    6051.8916    4932.6567    5216.6558    5147.5898
    200.4000    5244.0649    6063.2490    4943.6270    5229.2251    5151.0083
    200.5000    5250.8081    6064.6113    4942.1758    5232.2710    5146.1914
    200.6000    5259.5635    6062.0601    4939.6133    5240.5581    5135.1182
    200.7000    5262.5244    6061.1055    4939.8208    5248.7788    5133.6885
    200.8000    5268.2075    6058.2285    4947.6426    5253.3101    5134.3257
    200.9000    5277.4814    6059.6167    4952.0825    5260.8242    5137.6440
    201.0000    5294.4106    6065.8105    4955.4473    5269.4385    5146.4824
    201.1000    5301.6465    6069.7197    4961.9805    5276.4526    5148.5786
    201.2000    5308.6274    6067.8784    4966.7373    5288.1050    5154.8115
    201.3000    5306.7090    6077.7544    4976.5801    5287.4678    5160.6753
    201.4000    5313.6133    6083.7085    4975.2793    5284.3369    5168.2271
    201.5000    5312.6270    6094.7231    4972.6782    5284.5469    5177.8325
    201.6000    5313.3979    6093.8057    4975.4028    5291.7769    5190.5132
    201.7000    5316.3726    6096.5825    4973.7651    5298.0381    5196.4258
    201.8000    5315.1831    6100.4180    4976.3711    5298.7817    5209.6729
    201.9000    5315.2495    6102.8340    4980.4619    5302.5425    5219.9863
    202.0000    5303.8169    6093.6460    4992.3872    5301.5542    5231.7754
    202.1000    5296.1675    6103.9653    5007.3711    5295.0625    5238.1470
    202.2000    5276.8320    6103.6812    5014.1191    5286.9028    5242.6279
    202.3000    5272.2661    6105.3291    5026.7339    5286.4404    5246.7837
    202.4000    5264.3682    6113.7222    5031.8730    5284.2544    5251.2812
    202.5000    5262.5488    6119.5337    5035.0220    5273.4478    5249.7852
    202.6000    5265.1294    6132.8975    5045.5151    5275.3945    5240.1362
    202.7000    5275.2710    6144.4155    5049.3550    5284.9868    5229.9341
    202.8000    5283.3237    6147.8691    5055.7065    5299.5601    5233.6167
    202.9000    5296.4155    6163.2974    5060.3208    5296.4209    5235.8379
    203.0000    5303.0801    6169.9897    5072.7212    5308.0396    5232.1738
    203.1000    5293.0928    6175.0557    5079.2871    5306.2246    5242.7119
    203.2000    5290.5527    6202.1782    5095.4502    5312.9814    5241.8345
    203.3000    5287.1309    6204.1787    5091.5605    5311.5034    5237.6792
    203.4000    5280.1919    6218.4771    5097.4458    5317.0347    5234.5098
    203.5000    5291.4199    6236.8008    5099.7363    5317.8193    5243.8628
    203.6000    5293.4209    6236.6104    5108.5010    5310.5527    5248.1631
    203.7000    5289.2964    6239.4399    5100.2979    5312.2529    5242.8555
    203.8000    5284.3242    6240.0010    5104.3882    5308.9365    5247.6865
    203.9000    5281.8784    6243.9409    5090.9316    5315.4956    5256.9028
    204.0000    5286.3506    6251.5566    5099.5127    5318.4155    5259.0928
    204.1000    5294.3071    6241.9351    5104.7007    5321.6055    5258.2124
    204.2000    5306.2490    6251.1445    5103.8809    5330.0493    5253.6655
    204.3000    5312.8574    6270.4678    5107.1846    5340.9062    5259.8384
    204.4000    5313.7686    6286.7354    5112.0620    5329.5679    5275.7964
    204.5000    5313.2129    6289.6606    5117.1699    5314.9668    5269.2832
    204.6000    5316.5269    6294.6816    5117.9121    5300.8550    5257.4248
    204.7000    5320.1436    6306.0024    5134.5552    5306.1191    5261.5195
    204.8000    5324.2188    6325.3726    5142.4995    5304.1167    5262.8560
    204.9000    5335.3379    6347.5635    5153.3252    5308.4741    5266.6323
    205.0000    5340.5625    6354.5044    5155.3970    5304.3833    5281.1899
    205.1000    5332.2222    6352.2183    5154.7583    5309.8706    5290.4941
    205.2000    5344.5220    6354.2905    5166.9854    5322.0273    5306.7363
    205.3000    5355.2314    6343.5762    5172.5322    5335.2144    5319.9292
    205.4000    5364.4087    6346.0356    5182.9009    5346.1729    5334.2183
    205.5000    5374.1655    6339.3218    5186.0347    5347.8667    5336.1294
    205.6000    5380.6113    6324.0068    5196.5356    5349.4443    5340.6411
    205.7000    5389.3242    6328.9561    5192.4053    5349.3413    5342.9512
    205.8000    5395.8794    6338.8096    5190.6553    5350.4956    5349.3999
    205.9000    5389.3052    6340.1694    5184.1460    5360.8989    5352.4282
    206.0000    5395.7837    6345.8574    5195.0713    5371.4365    5364.0669
    206.1000    5401.1255    6348.8237    5198.3784    5378.5645    5380.3335
    206.2000    5421.4775    6350.9507    5206.7129    5385.7314    5392.0396
    206.3000    5419.1401    6347.0430    5207.7837    5380.4229    5395.8154
    206.4000    5413.8081    6340.9658    5203.7583    5375.1626    5391.3867
    206.5000    5409.7998    6349.5918    5202.0356    5381.5542    5389.8960
    206.6000    5411.1606    6352.6064    5199.7314    5384.7500    5395.1260
    206.7000    5416.8687    6355.7905    5217.8599    5383.0371    5405.5103
    206.8000    5416.7026    6358.8867    5219.6963    5385.6396    5410.1250
    206.9000    5421.4404    6360.8408    5226.8682    5382.2539    5413.0835
    207.0000    5415.9214    6354.8887    5232.2163    5383.8447    5415.2354
    207.1000    5412.3071    6359.0459    5228.8154    5382.3481    5425.5933
    207.2000    5418.5933    6366.4199    5231.0977    5380.7100    5432.2417
    207.3000    5435.8223    6372.5566    5231.9897    5387.3853    5443.1284
    207.4000    5441.4790    6373.3027    5245.2231    5383.8262    5445.9038
    207.5000    5443.2803    6378.4253    5252.7627    5382.7822    5452.9805
    207.6000    5454.6255    6381.7905    5240.7026    5389.5918    5465.8760
    207.7000    5462.1978    6397.8853    5234.2349    5390.0649    5464.4688
    207.8000    5468.5161    6409.8784    5236.0161    5385.1426    5460.7720
    207.9000    5476.0229    6407.9873    5233.0181    5382.3481    5470.5635
    208.0000    5479.5649    6411.6885    5229.7246    5395.7588    5473.0430
    208.1000    5492.3481    6413.1138    5228.3057    5399.4746    5463.2432
    208.2000    5499.8618    6414.3008    5230.7822    5408.5127    5470.0757
    208.3000    5502.8706    6408.3960    5236.9380    5411.6191    5473.4551
    208.4000    5514.8237    6405.4214    5246.4282    5405.8032    5467.7656
    208.5000    5508.8945    6407.8496    5248.6875    5408.0771    5472.6138
    208.6000    5514.1309    6416.8345    5248.8193    5408.7363    5475.5474
    208.7000    5511.6333    6423.2637    5251.8003    5404.4341    5483.1367
    208.8000    5516.9814    6437.4214    5262.2256    5401.4512    5480.1123
    208.9000    5526.1021    6447.2373    5254.8818    5400.4038    5474.3252
    209.0000    5513.5947    6445.8301    5254.4282    5400.8037    5470.6343
    209.1000    5511.2749    6452.4541    5258.9478    5394.8511    5471.3887
    209.2000    5516.6899    6445.5200    5260.3936    5384.6958    5473.6992
    209.3000    5523.1270    6444.0186    5261.3491    5390.4585    5474.2256
    209.4000    5516.5415    6447.2031    5259.6772    5399.9570    5470.6089
    209.5000    5514.7310    6452.7754    5260.2119    5400.5415    5479.6440
    209.6000    5518.8066    6460.9165    5261.3066    5409.9653    5480.9121
    209.7000    5521.7041    6465.7681    5264.7881    5425.8022    5474.6978
    209.8000    5515.6528    6475.1865    5274.0938    5433.8462    5460.8945
    209.9000    5504.6875    6470.6958    5271.4043    5442.1729    5466.0117
    210.0000    5508.3315    6472.2490    5271.4570    5443.8208    5461.3740
    210.1000    5522.1294    6470.8228    5279.4883    5452.2583    5465.4883
    210.2000    5535.7690    6462.5762    5282.9697    5460.4521    5467.6782
    210.3000    5545.1597    6457.4028    5288.3647    5469.8809    5467.2466
    210.4000    5550.2051    6451.0728    5290.5542    5478.5820    5478.6362
    210.5000    5553.4839    6451.1816    5289.7158    5472.3442    5477.3013
    210.6000    5553.4321    6462.8037    5290.9038    5468.4561    5483.0117
    210.7000    5558.4102    6478.2783    5299.7661    5474.0913    5482.7207
    210.8000    5548.9478    6467.5474    5309.0176    5481.1260    5488.3081
    210.9000    5549.7744    6461.9258    5305.2661    5485.7095    5496.9067
    211.0000    5557.0000    6468.8008    5308.2695    5481.2686    5503.5747
    211.1000    5556.3428    6471.4067    5309.6987    5477.2544    5508.9497
    211.2000    5556.0620    6479.8979    5317.8481    5489.3901    5510.5112
    211.3000    5559.6875    6486.4932    5325.9834    5507.3369    5511.6440
    211.4000    5563.8081    6479.2871    5323.7153    5519.6211    5507.0225
    211.5000    5577.7666    6483.1401    5325.0161    5518.0752    5508.8696
    211.6000    5588.2476    6482.4990    5322.0962    5523.3301    5509.9116
    211.7000    5585.2686    6483.2534    5323.8413    5520.7964    5518.6597
    211.8000    5595.2695    6493.9614    5325.6680    5516.3228    5518.2573
    211.9000    5604.3301    6497.5718    5332.3750    5516.7686    5518.2661
    212.0000    5602.2749    6501.6309    5336.6919    5527.0972    5519.9956
    212.1000    5606.5522    6503.0532    5341.7134    5522.8354    5514.8677
    212.2000    5610.1167    6500.8091    5342.1738    5523.5244    5505.2197
    212.3000    5618.9663    6506.3428    5333.3481    5531.5981    5503.0244
    212.4000    5621.5439    6518.0708    5337.5669    5531.5254    5498.6401
    212.5000    5625.9839    6544.4897    5335.2778    5540.6372    5499.8911
    212.6000    5633.2061    6559.2188    5333.3584    5554.9028    5497.5503
    212.7000    5637.2471    6568.1348    5338.8262    5556.8315    5513.2812
    212.8000    5644.4712    6567.7524    5350.4038    5553.7788    5521.0879
    212.9000    5647.4604    6569.8193    5353.4487    5557.9238    5523.4028
    213.0000    5645.5312    6567.4688    5365.8325    5562.1445    5523.5239
    213.1000    5641.3633    6560.6943    5367.4561    5575.7021    5523.6821
    213.2000    5640.5073    6557.5723    5372.2749    5568.6470    5536.3354
    213.3000    5652.0649    6564.2837    5378.3345    5570.3818    5539.3159
    213.4000    5657.0977    6556.0752    5384.1504    5578.6440    5536.1470
    213.5000    5655.7075    6562.2510    5374.1689    5584.5132    5547.8740
    213.6000    5656.6646    6575.6562    5378.1206    5588.1216    5533.2935
    213.7000    5666.8682    6579.8184    5384.9189    5596.4253    5529.8394
    213.8000    5666.5532    6599.1445    5398.0854    5599.3345    5525.3555
    213.9000    5666.4722    6620.6816    5411.5581    5597.6470    5530.1411
    214.0000    5668.1367    6622.9912    5417.1968    5588.3550    5522.5288
    214.1000    5677.0303    6628.9824    5422.4028    5578.7476    5519.4883
    214.2000    5687.5601    6627.0894    5426.2700    5573.4995    5513.6919
    214.3000    5695.7197    6635.5649    5421.5669    5563.6494    5519.3853
    214.4000    5704.2153    6645.3540    5424.3135    5568.3623    5520.4653
    214.5000    5704.7944    6647.1450    5436.6919    5571.5303    5522.9907
    214.6000    5700.5229    6647.5303    5444.0635    5569.7754    5530.9351
    214.7000    5701.1919    6653.5220    5445.0337    5572.5083    5538.7651
    214.8000    5701.1113    6651.4116    5447.0356    5570.4155    5532.3599
    214.9000    5707.7300    6656.3979    5451.8408    5567.9927    5532.8740
    215.0000    5720.8369    6660.4575    5452.3125    5578.4956    5530.3013
    215.1000    5723.5522    6660.3184    5451.7939    5584.2871    5534.3740
    215.2000    5724.3677    6664.5532    5454.4541    5576.2373    5550.0132
    215.3000    5727.0376    6681.4316    5455.8193    5577.3926    5557.9683
    215.4000    5740.1748    6693.4414    5449.8276    5577.6782    5562.6074
    215.5000    5741.4282    6708.6255    5440.7534    5571.4062    5558.5273
    215.6000    5734.5405    6718.3394    5444.5522    5578.7656    5562.8716
    215.7000    5742.3521    6733.3574    5451.3081    5592.2588    5567.7979
    215.8000    5755.8252    6746.5601    5459.8301    5603.6494    5569.1113
    215.9000    5762.2876    6758.3286    5456.6992    5609.9375    5568.2773
    216.0000    5767.8740    6760.9053    5447.9819    5612.7148    5567.1978
    216.1000    5771.5581    6767.1875    5447.7261    5623.6992    5572.8853
    216.2000    5775.8716    6775.8394    5447.4561    5621.8496    5570.9932
    216.3000    5774.8823    6774.8530    5457.4907    5625.1240    5566.0039
    216.4000    5773.8428    6772.4370    5461.2310    5627.9492    5570.0801
    216.5000    5773.5479    6780.3760    5462.8838    5623.7100    5570.0254
    216.6000    5766.4399    6784.8193    5455.8530    5624.0811    5575.2651
    216.7000    5766.7061    6806.2905    5456.1782    5626.7368    5600.1348
    216.8000    5781.4351    6815.3794    5462.3169    5632.8433    5613.9668
    216.9000    5778.8979    6808.8848    5461.7617    5643.6787    5613.5776
    217.0000    5789.1460    6813.3198    5464.7617    5640.4604    5607.4224
    217.1000    5796.7944    6817.4912    5469.2964    5637.6367    5599.4375
    217.2000    5797.6426    6814.8438    5468.3623    5637.9131    5597.0059
    217.3000    5802.5474    6815.0303    5460.4932    5634.4917    5589.8252
    217.4000    5810.3125    6812.1226    5468.1470    5628.6626    5591.3481
    217.5000    5814.1602    6801.8994    5462.8657    5626.4839    5591.7314
    217.6000    5825.6167    6799.6533    5464.5449    5624.4209    5596.7939
    217.7000    5817.9644    6801.6089    5463.6689    5618.5679    5596.3584
    217.8000    5810.2637    6795.2363    5463.0464    5625.2583    5611.1597
    217.9000    5807.4355    6795.5659    5465.2842    5629.6182    5619.6167
    218.0000    5815.5396    6795.2280    5472.4365    5635.4805    5624.1123
    218.1000    5812.2383    6799.5161    5466.8125    5632.7432    5619.6680
    218.2000    5825.4336    6796.2852    5462.3428    5628.4468    5619.1318
    218.3000    5830.1245    6791.6597    5466.4292    5626.8311    5625.5068
    218.4000    5843.5459    6801.3438    5462.1377    5633.0947    5628.5146
    218.5000    5858.1470    6816.1353    5456.1538    5640.4731    5645.9629
    218.6000    5866.2637    6823.1074    5462.1206    5640.6006    5642.4956
    218.7000    5870.5210    6815.0215    5476.2847    5643.2930    5643.0405
    218.8000    5868.4561    6804.3555    5487.2710    5649.0371    5647.3809
    218.9000    5880.0176    6798.7324    5493.1899    5656.3623    5640.8623
    219.0000    5877.2144    6804.4062    5499.2144    5657.0269    5641.6230
    219.1000    5870.6807    6804.3789    5506.2222    5656.7427    5642.8867
    219.2000    5871.8413    6803.8433    5509.6567    5649.8633    5658.5127
    219.3000    5874.4995    6809.1934    5509.3760    5646.2314    5682.4463
    219.4000    5879.2026    6808.2627    5509.3169    5652.1729    5697.2407
    219.5000    5882.5903    6803.5542    5521.0508    5646.7510    5700.8696
    219.6000    5881.2949    6797.1426    5526.2012    5653.3062    5704.3252
    219.7000    5882.3657    6792.6182    5525.7686    5662.2646    5715.3462
    219.8000    5881.7500    6792.6089    5523.2168    5666.6055    5710.4121
    219.9000    5881.3184    6806.4492    5538.6367    5662.6587    5706.2036
    220.0000    5877.2349    6815.9600    5539.0737    5664.3242    5701.8066
    220.1000    5879.4312    6822.2153    5544.9600    5661.8394    5710.9185
    220.2000    5893.1738    6824.2710    5543.3633    5656.3442    5716.8271
    220.3000    5898.6831    6825.0835    5542.2744    5659.7417    5718.1494
    220.4000    5901.8208    6828.3071    5538.2319    5660.3369    5728.2241
    220.5000    5908.9917    6830.3032    5536.9731    5664.3623    5735.2402
    220.6000    5907.6553    6836.5996    5537.4282    5665.9697    5739.1494
    220.7000    5905.5439    6829.4004    5537.2993    5672.3911    5737.5542
    220.8000    5893.8540    6830.9067    5546.1543    5673.7300    5740.6646
    220.9000    5899.2939    6822.1411    5549.1162    5684.9844    5746.8662
    221.0000    5902.3726    6818.6978    5549.9087    5687.7153    5757.6001
    221.1000    5905.9473    6819.3496    5553.4849    5687.7290    5757.8193
    221.2000    5913.5879    6821.3823    5561.2617    5700.4165    5757.7432
    221.3000    5917.4937    6836.5874    5558.2051    5704.8633    5761.4028
    221.4000    5925.4551    6849.8989    5555.9185    5696.8101    5771.4351
    221.5000    5939.0581    6853.0942    5558.0283    5694.6348    5783.0474
    221.6000    5951.7588    6867.5762    5556.3135    5694.5605    5784.0303
    221.7000    5957.4238    6866.3262    5563.3599    5702.1401    5793.0845
    221.8000    5959.3149    6868.7988    5570.8438    5704.1782    5799.6030
    221.9000    5963.5654    6883.1260    5565.3340    5708.5601    5805.3159
    222.0000    5961.3447    6888.2456    5568.6587    5701.9292    5821.5005
    222.1000    5959.7163    6886.5933    5563.6919    5703.6660    5821.0137
    222.2000    5957.4731    6887.6040    5559.3228    5708.7988    5820.8062
    222.3000    5964.4932    6891.0151    5564.5752    5713.8208    5826.0757
    222.4000    5969.1978    6899.0195    5567.3306    5700.6519    5823.9956
    222.5000    5976.7729    6889.4932    5570.7466    5691.0176    5827.9771
    222.6000    5973.9238    6878.6621    5571.8877    5690.2114    5827.0522
    222.7000    5967.9409    6882.6597    5577.1934    5692.0010    5836.9189
    222.8000    5958.2275    6886.3589    5568.7178    5697.2588    5838.5615
    222.9000    5967.5659    6881.1099    5572.8403    5709.4282    5845.8691
    223.0000    5963.1792    6886.1875    5574.3760    5720.8931    5847.1367
    223.1000    5964.7065    6889.7744    5578.8774    5730.9971    5851.3901
    223.2000    5948.2935    6899.1699    5580.6553    5731.7690    5856.5322
    223.3000    5947.0601    6899.7427    5573.0312    5727.7500    5855.9863
    223.4000    5950.0649    6901.5396    5580.4688    5711.1489    5858.8149
    223.5000    5960.2178    6909.3960    5585.7280    5705.5835    5856.1807
    223.6000    5966.8994    6908.2100    5588.8208    5712.5439    5852.1270
    223.7000    5978.6909    6907.3911    5608.8926    5700.7900    5842.3398
    223.8000    5970.4976    6888.8770    5625.7524    5707.1689    5842.0093
    223.9000    5968.8315    6881.6113    5630.1914    5712.9697    5848.4473
    224.0000    5970.2637    6884.0288    5627.8540    5707.3438    5848.8501
    224.1000    5974.9854    6877.2822    5625.9697    5702.7881    5846.2456
    224.2000    5979.3384    6874.2661    5629.7256    5699.8945    5847.7930
    224.3000    5970.7681    6875.6885    5633.6289    5700.5044    5853.5186
    224.4000    5960.4907    6869.1294    5634.5625    5695.3042    5845.5103
    224.5000    5955.1309    6884.5869    5636.9731    5698.9189    5842.5083
    224.6000    5958.8276    6900.9780    5647.5103    5700.2407    5860.4238
    224.7000    5964.4590    6899.0195    5657.6562    5695.4722    5863.5024
    224.8000    5958.0962    6908.5601    5666.1138    5707.2119    5866.2061
    224.9000    5951.1831    6914.8496    5674.2803    5712.4917    5876.5239
    225.0000    5938.6333    6908.6274    5679.2964    5713.3403    5890.4751
    225.1000    5942.9771    6897.7412    5682.0474    5721.8340    5898.6377
    225.2000    5958.3345    6894.3262    5687.6724    5722.5845    5895.9790
    225.3000    5971.7803    6884.8438    5693.5630    5731.9053    5894.3428
    225.4000    5978.4873    6884.6816    5692.8584    5733.7832    5895.6353
    225.5000    5979.8945    6891.3750    5697.1284    5738.1006    5890.9072
    225.6000    5976.0278    6889.3354    5700.0684    5735.4624    5898.2227
    225.7000    5982.2524    6894.0083    5702.3540    5721.8882    5911.5522
    225.8000    5984.7441    6894.6411    5706.3374    5718.4375    5910.9932
    225.9000    5987.9062    6896.2554    5706.2729    5725.3750    5906.0356
    226.0000    5989.3550    6905.3350    5715.6758    5722.1338    5900.4780
    226.1000    5995.4136    6913.3115    5720.5249    5733.3403    5899.3711
    226.2000    5993.9321    6922.8750    5716.0557    5740.9414    5889.5776
    226.3000    6008.0762    6921.1646    5720.8867    5738.5981    5884.5815
    226.4000    6017.5039    6915.8809    5717.9355    5748.8687    5876.8853
    226.5000    6022.3096    6921.9917    5713.3965    5755.4258    5883.8804
    226.6000    6022.6621    6922.6138    5713.3594    5759.8008    5886.7656
    226.7000    6036.0874    6924.2246    5722.1807    5770.8706    5879.9097
    226.8000    6055.0557    6921.2651    5726.6260    5779.3794    5880.7314
    226.9000    6063.0508    6924.2510    5732.9810    5787.7363    5882.7427
    227.0000    6066.9658    6932.9536    5733.6211    5786.7021    5885.1274
    227.1000    6071.2119    6935.2773    5743.0850    5796.2397    5885.2222
    227.2000    6063.7207    6945.6606    5738.2129    5800.1665    5882.8262
    227.3000    6063.2075    6957.5825    5734.0405    5801.8179    5880.7881
    227.4000    6070.2949    6975.0269    5723.5649    5795.6934    5877.6519
    227.5000    6063.4165    6976.7510    5725.9165    5787.8413    5865.4629
    227.6000    6065.3652    6985.0742    5723.8149    5790.8564    5877.5464
    227.7000    6073.4004    6995.1118    5726.1606    5796.9004    5879.7031
    227.8000    6069.3354    7006.4458    5724.6055    5805.8760    5879.1538
    227.9000    6081.7095    7014.2417    5721.4937    5820.5679    5883.1279
    228.0000    6087.7568    7017.5825    5731.6250    5825.3945    5886.6631
    228.1000    6093.5459    7019.0566    5734.3726    5834.7896    5888.5288
    228.2000    6102.4907    7008.3804    5742.4648    5842.3843    5894.0396
    228.3000    6100.9727    7000.2998    5750.7383    5838.6973    5901.9756
    228.4000    6099.2197    6996.9629    5750.6318    5839.9028    5919.0068
    228.5000    6092.4878    7004.2021    5755.5605    5842.4292    5918.0635
    228.6000    6099.8125    7002.3379    5763.3438    5845.5215    5908.1597
    228.7000    6095.9648    7004.6592    5775.1685    5845.1064    5912.0869
    228.8000    6093.7153    6993.2407    5787.7651    5858.0371    5916.0181
    228.9000    6097.0039    6986.8833    5790.6528    5878.2666    5911.6597
    229.0000    6096.0220    6983.7163    5796.1040    5882.6777    5920.2144
    229.1000    6080.7095    6980.3081    5809.2803    5894.2988    5926.1460
    229.2000    6075.1606    6978.7637    5817.5747    5902.5786    5930.6147
    229.3000    6072.9302    6976.1113    5817.0273    5901.4629    5926.5239
    229.4000    6068.9399    6979.2383    5824.2305    5906.8887    5925.9536
    229.5000    6070.2310    6985.6909    5820.6943    5909.7676    5932.2334
    229.6000    6072.9590    7004.7129    5831.7070    5908.7808    5943.2974
    229.7000    6074.1055    7009.3252    5822.4746    5906.1367    5943.4688
    229.8000    6073.1758    7011.2471    5824.5303    5908.8418    5947.1748
    229.9000    6079.6450    7021.8506    5822.0054    5908.8730    5949.4121
    230.0000    6082.7275    7019.4248    5842.4561    5916.1313    5950.6587
    230.1000    6095.0488    7017.6196    5848.6943    5914.7915    5955.5103
    230.2000    6100.1206    7017.7246    5855.2856    5905.7471    5964.5410
    230.3000    6098.0684    7014.6387    5858.6519    5907.7036    5976.3447
    230.4000    6104.1646    7006.8691    5861.3511    5912.4780    5980.6353
    230.5000    6109.3960    7010.6387    5855.4092    5918.3887    5982.6426
    230.6000    6109.8960    7031.7280    5849.4941    5922.6318    5990.7100
    230.7000    6117.4185    7037.1147    5844.7178    5921.7505    5999.0649
    230.8000    6119.1748    7043.2544    5841.0161    5927.1089    6001.4956
    230.9000    6107.5977    7054.8042    5827.7061    5932.3853    6001.3013
    231.0000    6103.3555    7061.7930    5826.3462    5940.3379    6007.8525
    231.1000    6107.4116    7060.9409    5821.6494    5950.6294    6011.3042
    231.2000    6114.8345    7068.2847    5818.5146    5950.6865    6003.5459
    231.3000    6131.9160    7078.5151    5823.3843    5961.0684    6014.8223
    231.4000    6150.2749    7079.2002    5821.9097    5973.1274    6025.2051
    231.5000    6162.8218    7083.4932    5810.8818    5974.8081    6038.8008
    231.6000    6170.5591    7085.0029    5803.2788    5975.4380    6036.8462
    231.7000    6177.3086    7092.2222    5804.9604    5990.7417    6035.9487
    231.8000    6177.2651    7093.5186    5801.0371    6008.3472    6032.0288
    231.9000    6181.2710    7097.2354    5807.0269    6012.7651    6026.6255
    232.0000    6179.5649    7092.8008    5805.8467    6007.3159    6026.0566
    232.1000    6178.6885    7092.1318    5803.2842    6010.3276    6027.3354
    232.2000    6169.0981    7100.8979    5798.3809    6004.7305    6030.3599
    232.3000    6163.4287    7107.9854    5792.4707    5996.1250    6035.9839
    232.4000    6161.0762    7128.5835    5793.3081    5992.2456    6033.7778
    232.5000    6179.2563    7127.2686    5797.0000    6002.2075    6024.0688
    232.6000    6192.3960    7126.7593    5795.0449    6015.6367    6039.7905
    232.7000    6197.9282    7142.5044    5803.3101    6020.5913    6044.5742
    232.8000    6196.2124    7145.5347    5817.8726    6032.2520    6058.3354
    232.9000    6187.9512    7142.5581    5837.6094    6030.0835    6055.7769
    233.0000    6189.7148    7142.0044    5846.6318    6036.2856    6055.6699
    233.1000    6198.0396    7144.9561    5860.2100    6031.4092    6057.3706
    233.2000    6193.5581    7150.8442    5877.0957    6033.4224    6063.8193
    233.3000    6193.9165    7159.8530    5883.7085    6029.0522    6069.8320
    233.4000    6196.8066    7176.4541    5890.0752    6016.5410    6082.1943
    233.5000    6209.1948    7172.5591    5895.7998    6024.1167    6086.1396
    233.6000    6228.3721    7157.7002    5900.9492    6032.6851    6089.5527
    233.7000    6219.7847    7159.8311    5906.6123    6040.7510    6095.7842
    233.8000    6222.0088    7161.6479    5906.7197    6038.1709    6099.1714
    233.9000    6223.5635    7169.6597    5902.2778    6053.3345    6098.1572
    234.0000    6228.4824    7177.8086    5901.7104    6060.0396    6099.8379
    234.1000    6223.0151    7173.7324    5908.2227    6061.0366    6100.4155
    234.2000    6216.2759    7182.0034    5915.3252    6060.0615    6108.2871
    234.3000    6217.2856    7189.5356    5900.6064    6061.5093    6112.2729
    234.4000    6210.1470    7194.0059    5899.8252    6075.3428    6113.6318
    234.5000    6215.1006    7186.9473    5894.2773    6088.1499    6107.9854
    234.6000    6225.1260    7187.0444    5907.4873    6100.4053    6114.0742
    234.7000    6237.1621    7185.0000    5906.0625    6117.1401    6113.6533
    234.8000    6234.7134    7187.7310    5919.1416    6116.8843    6102.7524
    234.9000    6236.2720    7195.1562    5928.5728    6119.9199    6104.4229
    235.0000    6245.7866    7195.3647    5934.1646    6114.1909    6110.2212
    235.1000    6255.2070    7189.3975    5949.2612    6110.5645    6119.7979
    235.2000    6258.2104    7190.4731    5957.2964    6111.6426    6117.6465
    235.3000    6258.8286    7191.8926    5967.7075    6117.5405    6126.5898
    235.4000    6262.8433    7199.5669    5978.8667    6129.0659    6126.8242
    235.5000    6259.4819    7206.3779    5982.3125    6136.9438    6132.0762
    235.6000    6249.9907    7213.2104    5986.3472    6142.1748    6125.8833
    235.7000    6243.5752    7218.3550    5984.8887    6148.4185    6118.6411
    235.8000    6241.5244    7228.4648    5992.9468    6166.9731    6115.9346
    235.9000    6243.7407    7236.3286    5999.8101    6173.1436    6105.2852
    236.0000    6241.5449    7237.1992    6008.7852    6184.3667    6100.5083
    236.1000    6240.3711    7238.3379    6019.2310    6195.3667    6099.8960
    236.2000    6243.0176    7250.7310    6024.7876    6205.9346    6100.6284
    236.3000    6251.8408    7269.8369    6021.8188    6209.3638    6099.0708
    236.4000    6271.2505    7277.7881    6021.7915    6207.1831    6110.4595
    236.5000    6280.0034    7280.6460    6015.2593    6210.9585    6104.7622
    236.6000    6289.9663    7276.4946    6016.0791    6218.7026    6103.2681
    236.7000    6293.6646    7292.9619    6014.8633    6214.1631    6099.5903
    236.8000    6290.6030    7299.9692    6016.0190    6221.1445    6104.5024
    236.9000    6291.6426    7293.2637    6012.4585    6228.6899    6111.9961
    237.0000    6299.1553    7289.7998    6023.1709    6236.3638    6119.0312
    237.1000    6314.8438    7288.6304    6015.5840    6247.8120    6126.1816
    237.2000    6330.8403    7297.7373    6006.9570    6258.6748    6127.3125
    237.3000    6342.0825    7303.4146    6019.3574    6261.2788    6130.5938
    237.4000    6353.7998    7298.2593    6029.4331    6265.8960    6127.8867
    237.5000    6359.9492    7296.9238    6038.4712    6263.2676    6126.0474
    237.6000    6359.8081    7297.2974    6036.5522    6260.1934    6121.8252
    237.7000    6365.5928    7312.6528    6033.0469    6253.1553    6114.7280
    237.8000    6375.1646    7334.3945    6025.5645    6258.1646    6111.7490
    237.9000    6391.7744    7339.0215    6031.9331    6255.7002    6105.9043
    238.0000    6404.9561    7349.5225    6042.2144    6254.7051    6099.8096
    238.1000    6410.6992    7372.0137    6044.7314    6260.3496    6102.0024
    238.2000    6408.9712    7379.9106    6039.8838    6261.3042    6106.1011
    238.3000    6420.8994    7378.8594    6042.0103    6265.6504    6102.7651
    238.4000    6426.7979    7382.7876    6041.8101    6268.2720    6087.3867
    238.5000    6424.4043    7386.4780    6048.9619    6272.4155    6084.6060
    238.6000    6437.1157    7381.6997    6058.0996    6280.1074    6082.4272
    238.7000    6443.1880    7376.5337    6065.3442    6277.9868    6077.2178
    238.8000    6452.3506    7379.0210    6068.6875    6281.0884    6072.5117
    238.9000    6456.2964    7388.0396    6068.4956    6282.4243    6066.7871
    239.0000    6457.9307    7382.8042    6069.0347    6293.1592    6058.7212
    239.1000    6463.1807    7384.0342    6072.4067    6295.2617    6044.6738
    239.2000    6459.5742    7384.6519    6062.9956    6299.4775    6046.6758
    239.3000    6453.1445    7395.4824    6054.2407    6310.8223    6062.9214
    239.4000    6455.4409    7402.6177    6045.7480    6304.9863    6069.9863
    239.5000    6455.2178    7415.9556    6049.0020    6302.4697    6067.7915
    239.6000    6467.6665    7434.6567    6044.3496    6304.1040    6072.4956
    239.7000    6461.4814    7447.2803    6053.5415    6302.2119    6079.6050
    239.8000    6468.4585    7460.6763    6059.8223    6305.6367    6087.0059
    239.9000    6476.3481    7464.3154    6059.3301    6307.1470    6081.9629
    240.0000    6483.6816    7472.9946    6059.3149    6308.8228    6084.9404
    240.1000    6492.8926    7465.6133    6051.5845    6303.9399    6084.3647
    240.2000    6496.8262    7471.5684    6046.6113    6291.4590    6084.8335
    240.3000    6513.4917    7476.0464    6056.6689    6291.1738    6073.2349
    240.4000    6516.8022    7491.3438    6057.0347    6289.9971    6072.2754
    240.5000    6514.7744    7501.8604    6051.8477    6298.9878    6074.8535
    240.6000    6515.4438    7514.0068    6044.5659    6292.0083    6075.2651
    240.7000    6523.5781    7531.8008    6048.5220    6284.3428    6082.3228
    240.8000    6540.6748    7526.1353    6054.0664    6288.2686    6080.0942
    240.9000    6545.1006    7525.9932    6059.7085    6295.7656    6082.5371
    241.0000    6552.1309    7539.4385    6062.6318    6305.6660    6078.8970
    241.1000    6550.6006    7542.2061    6071.1006    6299.7271    6076.1572
    241.2000    6552.2075    7546.0874    6075.4478    6302.3691    6070.4941
    241.3000    6555.7002    7563.3784    6079.4521    6308.0000    6071.8457
    241.4000    6550.2178    7580.1050    6074.0801    6311.6978    6064.6147
    241.5000    6554.1372    7578.6167    6072.1943    6304.4604    6056.1470
    241.6000    6565.0269    7583.1538    6077.7505    6302.1631    6049.6777
    241.7000    6564.3960    7595.5542    6079.0718    6309.9165    6049.2554
    241.8000    6580.7500    7608.2432    6079.9644    6304.7314    6055.8169
    241.9000    6585.0879    7620.9038    6083.1411    6288.6738    6061.9624
    242.0000    6586.4062    7636.9634    6087.2002    6288.1396    6069.3130
    242.1000    6586.4678    7644.4224    6087.3438    6287.0439    6080.8887
    242.2000    6587.0840    7647.5117    6083.0459    6291.2197    6090.0137
    242.3000    6594.7153    7653.6504    6084.6211    6285.0972    6099.6851
    242.4000    6601.9375    7663.5869    6086.8535    6269.3008    6100.4595
    242.5000    6603.9780    7674.5195    6102.6948    6261.3853    6101.6958
    242.6000    6608.8481    7678.1470    6103.9307    6260.6074    6098.3584
    242.7000    6611.5479    7689.0381    6102.5337    6254.4849    6090.1475
    242.8000    6620.4849    7705.4688    6107.6943    6258.0879    6082.8740
    242.9000    6624.2085    7695.6162    6115.1147    6252.8115    6084.4238
    243.0000    6646.1021    7705.3555    6119.7812    6254.7144    6090.0747
    243.1000    6654.7915    7712.5474    6117.4917    6256.7285    6087.8511
    243.2000    6663.3081    7720.0835    6124.6064    6251.9199    6081.4873
    243.3000    6666.6377    7730.3687    6130.1802    6255.6035    6077.4180
    243.4000    6661.6294    7730.4346    6125.5542    6264.5869    6068.5215
    243.5000    6661.1367    7737.5522    6119.5166    6262.9663    6057.1738
    243.6000    6670.3916    7744.0068    6123.0381    6264.1831    6059.2144
    243.7000    6664.5498    7741.4243    6118.8223    6271.9414    6064.3726
    243.8000    6645.8369    7730.9653    6125.1709    6283.0649    6079.4219
    243.9000    6633.9487    7728.4990    6115.7051    6285.7290    6077.8618
    244.0000    6622.0474    7727.9238    6114.9473    6283.4331    6084.7271
    244.1000    6620.3906    7737.1621    6116.3530    6275.8945    6103.9277
    244.2000    6617.5029    7757.4561    6118.6084    6272.4727    6112.6099
    244.3000    6628.3481    7763.1489    6124.0684    6260.9902    6135.1040
    244.4000    6628.3213    7761.5776    6129.5293    6258.7065    6140.3853
    244.5000    6629.8843    7769.0601    6125.8369    6259.7344    6136.3979
    244.6000    6628.8667    7775.6240    6138.0474    6266.5649    6136.1274
    244.7000    6626.8223    7771.4312    6135.3169    6271.9463    6135.4434
    244.8000    6630.2896    7785.4849    6140.3101    6274.6592    6130.0532
    244.9000    6627.4106    7785.7437    6141.0508    6282.1372    6129.9956
    245.0000    6627.4946    7780.6650    6141.7417    6289.1851    6120.5591
    245.1000    6621.0869    7794.3374    6139.5376    6300.6943    6107.8228
    245.2000    6616.2271    7790.8594    6132.6094    6319.7334    6101.2510
    245.3000    6622.9561    7787.5503    6126.3682    6321.4248    6103.4937
    245.4000    6623.5664    7802.8066    6125.2354    6333.9883    6095.7925
    245.5000    6632.2603    7814.3647    6130.0645    6332.4409    6093.6226
    245.6000    6638.6309    7827.1606    6130.1602    6328.9365    6092.5474
    245.7000    6640.8989    7828.0093    6137.3149    6330.4028    6087.3032
    245.8000    6639.4590    7844.5210    6143.5601    6331.6606    6084.9375
    245.9000    6635.5186    7847.1646    6144.6987    6329.6851    6069.5557
    246.0000    6632.4595    7848.3940    6140.6191    6341.1533    6077.3369
    246.1000    6642.4731    7855.0996    6140.6680    6338.2881    6071.3657
    246.2000    6654.0820    7852.8081    6140.0947    6343.8091    6071.4819
    246.3000    6657.7290    7854.3760    6143.6191    6336.8301    6080.5996
    246.4000    6662.0449    7849.9814    6144.8481    6342.3813    6086.5693
    246.5000    6672.6226    7859.7539    6155.3740    6351.0557    6093.3613
    246.6000    6684.0981    7873.7256    6162.4282    6349.7896    6099.2949
    246.7000    6694.7593    7868.6338    6168.2852    6345.8618    6098.7510
    246.8000    6698.2002    7861.7432    6169.4575    6341.6572    6101.3032
    246.9000    6699.4990    7870.3540    6168.8633    6344.0718    6098.8345
    247.0000    6699.5103    7883.4697    6165.3887    6345.5522    6098.0615
    247.1000    6712.6865    7896.7822    6165.2847    6345.9526    6099.0742
    247.2000    6728.5464    7915.1865    6177.6553    6353.1660    6103.3960
    247.3000    6734.3120    7927.6182    6186.5332    6353.6724    6118.2603
    247.4000    6742.3276    7937.4634    6192.7603    6353.5996    6125.7085
    247.5000    6737.0283    7956.5195    6190.6367    6356.4805    6126.9277
    247.6000    6725.9512    7965.1089    6210.4624    6354.9678    6132.5166
    247.7000    6714.8960    7963.5244    6215.8472    6357.3149    6144.1187
    247.8000    6705.7397    7964.5337    6208.2710    6352.2241    6155.6274
    247.9000    6699.6147    7972.5571    6210.3589    6348.6685    6158.9370
    248.0000    6694.8159    7967.2339    6211.3760    6348.3120    6165.4658
    248.1000    6689.3599    7974.2129    6207.1875    6355.0029    6151.6719
    248.2000    6683.9854    7979.9663    6205.9932    6352.8975    6152.5913
    248.3000    6671.7383    7983.7866    6202.2822    6355.7207    6159.3193
    248.4000    6663.8394    7990.4717    6203.8774    6355.5356    6165.1509
    248.5000    6665.4678    7987.7417    6204.8037    6357.9839    6175.7700
    248.6000    6660.8999    8000.7036    6213.4512    6370.6963    6182.1807
    248.7000    6665.6396    8012.6934    6222.9131    6370.4731    6191.7964
    248.8000    6667.0654    8024.0781    6231.7222    6370.4731    6189.9790
    248.9000    6669.3472    8029.1909    6234.0356    6374.3081    6188.6084
    249.0000    6671.0581    8027.3354    6243.1284    6387.7930    6184.0068
    249.1000    6667.5356    8022.2197    6233.5801    6392.7412    6177.1821
    249.2000    6669.8208    8019.2979    6236.5898    6402.9717    6165.2744
    249.3000    6667.3320    8011.5811    6244.4463    6408.6553    6157.2144
    249.4000    6670.4551    8011.7119    6247.8394    6410.4224    6163.5156
    249.5000    6685.4956    8013.5835    6245.2026    6414.5381    6179.4351
    249.6000    6685.6191    8021.4136    6253.3604    6419.9375    6187.5977
    249.7000    6690.3281    8041.3633    6266.8535    6420.5122    6193.2373
    249.8000    6698.1533    8045.8589    6260.8022    6422.9277    6197.6030
    249.9000    6685.7896    8045.0557    6263.2490    6422.4937    6201.5654
    250.0000    6674.9956    8034.8691    6270.9839    6423.8843    6203.7593
    250.1000    6665.7524    8024.3066    6266.0542    6415.0962    6207.2979
    250.2000    6656.7495    8024.9224    6272.9292    6418.1880    6212.9458
    250.3000    6660.2373    8024.2275    6277.5820    6425.1294    6225.7686
    250.4000    6657.0742    8030.8193    6286.3901    6431.4775    6236.7715
    250.5000    6664.5439    8031.6182    6286.2583    6441.0278    6246.0244
    250.6000    6665.7466    8035.0957    6288.6284    6448.8276    6246.1147
    250.7000    6661.4526    8043.0776    6287.0239    6448.9473    6250.9082
    250.8000    6665.2026    8047.4932    6299.7510    6462.0151    6251.4839
    250.9000    6662.0854    8051.8218    6295.5747    6472.6934    6244.8032
    251.0000    6662.8457    8051.0225    6295.5210    6473.6494    6236.7749
    251.1000    6672.2993    8058.4180    6301.8960    6473.5898    6232.3774
    251.2000    6674.2349    8049.7222    6317.1655    6472.8618    6235.1777
    251.3000    6669.2144    8049.8462    6326.2803    6470.0557    6233.8472
    251.4000    6662.2178    8049.6978    6328.0981    6459.9707    6237.4551
    251.5000    6670.7593    8052.7905    6328.2231    6460.7676    6247.6089
    251.6000    6668.7612    8053.5269    6331.5776    6469.9019    6254.2070
    251.7000    6665.3633    8048.4478    6327.8774    6469.7852    6264.8491
    251.8000    6671.3042    8042.4131    6339.7490    6469.7563    6268.8667
    251.9000    6676.3062    8054.3218    6341.9888    6470.2661    6263.9209
    252.0000    6681.7334    8061.1196    6354.3979    6474.7969    6260.0347
    252.1000    6681.0654    8057.8218    6364.9341    6484.4946    6268.1030
    252.2000    6677.4683    8046.3394    6378.3760    6498.0762    6281.8667
    252.3000    6679.2803    8034.8623    6377.0508    6492.1968    6275.8564
    252.4000    6684.8379    8029.0801    6377.6572    6497.8867    6270.3994
    252.5000    6687.7510    8024.2881    6384.0337    6499.4722    6268.8242
    252.6000    6686.7197    8033.3726    6393.4351    6504.8652    6276.4375
    252.7000    6681.9854    8032.3413    6402.7383    6512.0117    6269.6738
    252.8000    6678.4746    8018.5903    6411.3022    6510.0605    6278.0845
    252.9000    6671.6294    8004.2871    6419.7856    6503.0684    6279.8081
    253.0000    6656.2905    8000.5244    6424.3770    6496.8281    6280.8462
    253.1000    6660.7305    8005.6216    6420.7324    6499.2065    6287.0044
    253.2000    6674.8994    8010.5635    6421.5415    6495.3657    6298.3062
    253.3000    6677.5000    8000.4487    6413.8560    6502.5869    6308.4668
    253.4000    6683.9780    7996.4595    6410.3887    6510.5669    6309.5508
    253.5000    6690.5034    8001.5220    6412.7871    6518.3657    6316.6343
    253.6000    6700.0005    8005.2881    6421.9526    6521.2505    6323.7690
    253.7000    6706.6831    8007.4722    6427.6899    6524.5498    6323.5625
    253.8000    6717.8555    8018.8740    6429.9380    6524.8589    6318.8833
    253.9000    6722.4126    8024.5044    6423.4341    6523.8926    6310.4756
    254.0000    6732.5845    8016.1470    6410.9775    6524.1587    6303.3613
    254.1000    6734.8345    8014.9917    6406.9995    6541.2070    6299.1333
    254.2000    6733.2964    8015.8481    6396.3657    6552.5552    6294.5151
    254.3000    6740.2822    8014.2886    6390.2095    6554.8008    6307.1250
    254.4000    6750.1445    8005.6958    6391.1040    6550.4771    6317.9526
    254.5000    6759.6021    8014.7852    6386.9722    6537.8574    6316.5303
    254.6000    6765.4897    8026.6216    6383.5425    6529.2407    6315.7847
    254.7000    6773.3135    8041.2676    6377.8091    6528.3936    6330.0449
    254.8000    6774.0801    8049.8428    6378.8262    6516.9536    6328.9385
    254.9000    6790.1333    8052.0176    6367.4878    6509.5488    6327.9092
    255.0000    6791.8682    8050.3994    6368.6304    6494.5981    6336.0938
    255.1000    6796.9917    8047.3940    6377.2104    6485.6831    6335.6812
    255.2000    6791.1460    8034.9121    6385.9648    6485.0073    6337.8101
    255.3000    6773.8286    8029.6763    6384.9282    6480.0947    6343.2163
    255.4000    6784.8027    8038.6440    6386.3022    6481.2495    6356.6099
    255.5000    6779.4824    8038.3052    6377.8550    6481.5000    6358.2495
    255.6000    6782.9478    8028.5615    6379.8965    6476.5615    6351.3896
    255.7000    6775.6021    8009.6333    6379.3745    6478.9941    6350.7744
    255.8000    6771.5063    7996.0962    6366.8657    6480.4956    6349.1245
    255.9000    6781.1182    7991.6123    6358.0635    6489.5908    6357.4746
    256.0000    6791.8057    7996.7637    6349.0474    6504.6899    6355.3247
    256.1000    6794.2725    7996.2949    6349.3877    6515.6182    6359.3794
    256.2000    6806.7012    8003.4873    6352.9976    6523.0386    6359.9644
    256.3000    6813.6387    8020.7324    6345.3916    6531.0381    6364.3950
    256.4000    6815.6182    8030.7788    6350.4619    6539.3750    6366.7065
    256.5000    6817.0288    8040.5405    6352.9492    6552.0635    6364.7310
    256.6000    6815.4854    8052.4805    6357.7837    6558.3472    6360.5034
    256.7000    6810.2949    8064.1553    6360.3320    6560.5254    6368.7676
    256.8000    6821.4805    8084.1191    6345.4961    6549.8438    6372.9272
    256.9000    6829.7104    8097.7559    6344.4443    6547.8945    6380.6099
    257.0000    6838.1240    8112.9780    6343.0098    6549.8887    6376.1880
    257.1000    6842.8184    8120.1558    6348.5347    6551.9956    6379.4585
    257.2000    6836.3086    8131.7349    6365.7314    6554.4224    6368.3911
    257.3000    6834.1025    8129.1729    6374.4604    6547.3154    6368.0039
    257.4000    6831.1709    8134.9434    6391.9102    6552.3301    6362.3301
    257.5000    6823.0820    8145.6636    6398.3657    6553.5249    6366.0708
    257.6000    6824.3135    8141.5039    6400.3760    6541.5581    6382.3770
    257.7000    6809.0269    8136.6572    6397.0254    6541.3403    6379.5996
    257.8000    6813.5044    8134.7246    6390.3193    6543.8896    6386.3711
    257.9000    6824.0562    8136.0557    6393.2886    6551.9790    6390.9019
    258.0000    6818.7026    8153.0850    6401.0396    6551.5684    6390.1592
    258.1000    6820.3145    8160.4028    6402.2568    6566.8706    6396.9717
    258.2000    6830.0723    8167.9731    6401.9146    6576.0073    6402.5552
    258.3000    6839.8848    8167.6021    6402.1587    6579.3647    6412.6792
    258.4000    6845.9873    8174.2188    6387.1309    6580.6216    6418.7305
    258.5000    6838.8394    8174.6597    6377.0444    6582.9150    6432.4844
    258.6000    6848.0669    8157.7725    6376.0469    6573.6348    6451.5684
    258.7000    6846.7852    8152.2729    6383.6606    6568.2085    6465.3262
    258.8000    6863.3555    8160.1021    6395.8730    6562.0269    6474.8848
    258.9000    6870.5210    8174.2656    6402.5625    6562.8794    6481.3628
    259.0000    6875.6030    8182.2246    6407.0850    6564.2759    6486.3193
    259.1000    6879.4131    8184.0669    6404.9189    6551.2695    6493.8052
    259.2000    6883.2144    8181.6968    6402.0947    6555.7124    6493.4800
    259.3000    6886.0229    8184.1353    6404.0684    6558.3481    6488.9990
    259.4000    6893.4902    8187.5728    6411.9932    6557.6353    6496.0835
    259.5000    6899.3374    8196.1074    6422.3647    6551.0825    6491.9814
    259.6000    6904.2363    8206.0488    6410.9585    6552.4771    6484.7197
    259.7000    6911.5464    8201.6318    6403.9722    6548.9912    6472.9087
    259.8000    6927.1226    8212.8457    6408.2427    6559.1431    6475.1841
    259.9000    6929.0938    8215.6299    6421.8301    6561.3779    6478.1636
    260.0000    6925.1909    8206.6455    6438.3965    6572.2314    6487.2910
    260.1000    6931.7241    8211.6592    6446.8906    6576.2686    6494.8667
    260.2000    6935.1465    8203.0693    6450.0669    6572.7383    6504.9375
    260.3000    6940.7490    8201.6982    6446.8242    6582.0854    6514.9937
    260.4000    6949.9805    8192.4238    6450.1616    6584.7363    6517.0508
    260.5000    6936.2939    8189.7700    6458.8184    6580.9043    6508.9775
    260.6000    6929.3760    8192.7764    6458.8320    6578.7144    6513.5122
    260.7000    6923.7593    8189.5488    6458.3442    6583.0366    6521.7754
    260.8000    6909.7778    8189.5288    6457.0386    6580.5312    6498.2119
    260.9000    6891.7837    8187.2627    6469.4282    6583.2437    6497.9189
    261.0000    6885.0381    8191.5786    6473.9258    6583.2290    6500.7344
    261.1000    6871.2437    8204.2227    6475.2690    6587.5669    6503.4399
    261.2000    6853.9644    8208.0850    6474.8149    6592.2817    6507.6553
    261.3000    6841.6558    8207.8105    6470.3555    6589.9775    6505.5474
    261.4000    6832.5508    8200.7939    6475.7373    6581.3657    6506.2930
    261.5000    6831.7866    8212.5850    6487.5601    6574.8696    6499.6138
    261.6000    6824.8208    8223.2666    6490.0894    6581.5659    6485.2627
    261.7000    6822.2314    8233.6797    6490.3564    6593.5366    6481.3623
    261.8000    6823.2075    8238.9141    6489.2412    6597.2471    6466.7871
    261.9000    6830.4492    8260.6211    6495.5728    6605.4214    6465.7769
    262.0000    6834.7334    8265.3486    6491.3057    6604.0117    6463.0981
    262.1000    6841.8604    8269.3818    6502.4082    6606.4805    6469.4897
    262.2000    6853.4883    8283.1230    6522.2163    6618.6753    6480.0786
    262.3000    6855.4023    8288.2832    6530.3789    6627.9468    6496.4917
    262.4000    6862.0742    8286.9912    6536.3213    6646.4771    6513.3574
    262.5000    6862.2686    8302.5322    6543.0322    6653.6602    6537.5815
    262.6000    6866.9019    8297.5898    6551.4844    6665.3188    6545.5396
    262.7000    6874.0601    8292.5811    6563.2441    6674.6694    6552.2998
    262.8000    6867.3853    8292.7363    6569.5322    6669.6138    6566.8057
    262.9000    6876.0259    8301.8604    6567.7124    6662.3843    6567.5000
    263.0000    6898.8301    8289.6631    6570.1021    6662.1831    6561.9287
    263.1000    6899.3594    8282.7119    6581.6865    6656.8540    6560.2280
    263.2000    6918.1318    8271.6230    6588.3613    6658.4722    6550.2300
    263.3000    6918.9399    8278.1504    6596.3354    6660.5474    6542.5337
    263.4000    6912.7261    8288.2236    6585.1318    6663.4819    6537.7769
    263.5000    6912.9404    8295.1865    6568.4917    6661.1030    6535.5396
    263.6000    6924.9814    8305.5889    6582.9062    6646.5649    6541.5083
    263.7000    6925.6606    8313.6270    6587.8057    6645.7803    6545.4341
    263.8000    6926.0581    8310.0781    6582.2490    6639.1743    6560.0596
    263.9000    6923.6597    8307.6396    6576.7041    6636.6030    6549.1367
    264.0000    6929.2710    8321.8633    6573.1489    6636.3789    6543.5508
    264.1000    6929.3906    8327.9961    6567.8574    6635.3257    6547.2246
    264.2000    6928.5464    8331.2227    6563.2529    6639.3760    6550.9146
    264.3000    6941.8447    8335.2324    6554.6743    6634.6782    6544.9844
    264.4000    6944.3599    8336.1172    6558.9019    6633.4746    6549.2354
    264.5000    6951.0728    8345.2959    6569.3301    6637.4351    6562.6255
    264.6000    6956.3794    8355.3008    6563.3394    6637.5972    6574.8896
    264.7000    6953.1724    8362.2725    6569.5688    6650.3833    6588.9678
    264.8000    6958.0981    8348.3027    6582.8320    6650.2510    6586.7319
    264.9000    6972.4814    8346.6924    6579.6030    6652.1685    6588.8301
    265.0000    6974.9155    8359.1885    6584.0884    6658.8682    6578.8301
    265.1000    6982.6807    8371.1396    6584.9800    6658.0503    6580.0820
    265.2000    6995.3125    8372.6123    6579.8042    6656.7856    6577.5342
    265.3000    6989.0879    8369.0020    6579.8633    6660.2344    6583.6836
    265.4000    6990.6021    8357.7725    6573.0269    6673.0068    6594.1382
    265.5000    6997.0430    8354.9258    6574.6221    6674.1582    6591.9917
    265.6000    7006.0005    8352.5156    6588.1714    6677.2031    6595.1558
    265.7000    7007.7720    8352.8818    6590.8003    6678.8564    6605.7466
    265.8000    7005.9907    8355.8369    6594.8940    6685.3784    6609.1792
    265.9000    7002.5508    8346.1797    6594.0728    6699.1919    6617.1689
    266.0000    6996.5718    8343.3145    6608.7905    6692.1792    6628.2856
    266.1000    6998.0044    8326.4131    6625.3057    6702.9341    6645.0552
    266.2000    6993.9072    8332.7617    6645.3481    6705.5977    6657.4224
    266.3000    6998.2339    8335.3223    6663.6206    6695.5322    6668.0503
    266.4000    6995.7417    8333.7295    6689.9458    6709.6226    6667.9717
    266.5000    6996.2197    8326.4883    6710.7456    6718.9902    6658.7368
    266.6000    7000.4839    8329.8301    6716.6011    6723.3521    6648.3867
    266.7000    6998.6128    8331.2861    6717.3853    6720.5317    6645.1572
    266.8000    6990.4492    8333.4248    6719.6250    6711.0508    6645.9604
    266.9000    6986.7749    8328.7266    6721.9927    6707.8960    6642.9722
    267.0000    6993.3135    8341.2646    6722.7207    6698.9937    6641.8867
    267.1000    7004.9678    8340.2695    6728.2476    6708.4087    6644.6465
    267.2000    7007.0757    8345.6680    6724.0405    6711.0059    6629.9053
    267.3000    7009.8101    8341.7100    6720.8979    6717.2256    6625.8169
    267.4000    7008.1606    8336.5391    6722.8315    6713.5864    6630.8228
    267.5000    7003.0918    8333.1367    6731.9541    6710.2651    6626.5835
    267.6000    6995.2246    8326.6973    6732.2778    6712.1621    6634.6533
    267.7000    7008.9590    8330.0381    6728.4897    6726.1157    6634.2871
    267.8000    7019.4468    8328.3076    6722.9434    6733.9604    6634.3838
    267.9000    7023.8774    8338.4023    6731.2061    6742.3901    6636.1460
    268.0000    7025.0708    8355.1309    6735.9062    6754.7695    6635.1006
    268.1000    7030.4629    8352.3604    6732.6006    6752.6699    6645.3228
    268.2000    7025.8706    8358.9619    6723.7896    6750.3247    6643.6621
    268.3000    7030.1123    8366.8418    6718.8276    6747.8501    6639.8032
    268.4000    7029.3447    8378.7188    6729.6533    6739.7856    6644.0542
    268.5000    7027.1553    8393.8477    6726.6587    6728.2417    6660.7583
    268.6000    7033.8706    8402.4209    6739.2500    6730.0010    6664.8291
    268.7000    7046.3335    8411.4355    6740.5430    6729.5337    6670.4849
    268.8000    7057.7354    8428.5547    6743.3833    6736.8032    6662.7905
    268.9000    7069.8345    8437.4297    6752.6021    6746.3901    6652.0537
    269.0000    7079.5151    8455.2285    6752.2480    6741.9458    6648.1460
    269.1000    7086.2432    8473.9170    6751.7427    6741.5376    6653.6470
    269.2000    7087.7441    8487.4668    6752.6543    6737.8301    6660.1260
    269.3000    7084.8125    8503.9521    6740.2490    6724.0220    6665.0522
    269.4000    7090.8008    8508.0166    6749.2676    6710.5801    6664.6865
    269.5000    7103.6445    8515.4385    6740.4780    6697.0356    6660.6182
    269.6000    7099.5239    8514.4912    6743.8853    6686.3555    6660.0259
    269.7000    7091.9209    8525.0918    6740.5459    6673.4902    6662.5278
    269.8000    7092.7344    8525.6797    6737.7070    6665.8301    6674.9395
    269.9000    7099.3789    8531.7236    6740.5151    6672.9150    6683.9844
    270.0000    7106.2129    8528.7207    6733.4810    6677.2480    6682.3438
    270.1000    7112.6470    8534.2139    6735.2256    6683.0215    6679.4653
    270.2000    7123.8599    8535.5869    6732.9214    6683.0278    6687.2349
    270.3000    7130.0498    8534.7334    6740.1348    6690.2378    6692.5137
    270.4000    7134.3447    8520.1094    6740.1553    6698.2222    6695.2446
    270.5000    7133.0396    8516.8232    6754.8809    6701.2241    6701.3521
    270.6000    7128.7456    8521.9766    6760.1021    6706.5396    6709.1665
    270.7000    7125.2104    8528.6084    6764.8242    6713.5996    6708.6123
    270.8000    7138.9614    8529.3291    6759.8228    6716.3833    6712.0913
    270.9000    7152.3115    8542.0400    6751.7661    6723.4834    6712.2363
    271.0000    7160.8091    8543.6475    6756.3965    6732.6377    6708.9238
    271.1000    7176.0151    8530.5332    6762.5981    6731.8994    6708.8115
    271.2000    7187.9644    8521.6465    6771.7388    6723.5669    6718.5879
    271.3000    7183.1968    8513.7559    6777.0693    6725.5820    6724.3604
    271.4000    7184.8306    8525.8330    6792.2964    6725.1553    6718.7334
    271.5000    7191.8511    8513.1123    6797.2227    6732.4243    6725.4551
    271.6000    7189.2188    8503.0312    6799.8633    6734.8843    6723.7559
    271.7000    7186.9136    8512.1338    6813.5493    6743.0000    6733.1445
    271.8000    7182.9189    8518.3418    6826.0532    6739.6934    6730.5654
    271.9000    7182.9956    8522.5801    6829.1738    6743.8853    6740.0059
    272.0000    7189.0537    8526.0713    6835.5371    6744.4824    6735.1997
    272.1000    7188.8521    8524.0088    6843.1274    6748.5386    6745.2993
    272.2000    7195.6074    8526.5049    6844.6665    6761.7271    6743.4072
    272.3000    7196.0464    8527.7197    6841.3149    6754.5337    6736.6587
    272.4000    7204.9097    8526.3789    6842.2725    6748.6147    6732.8286
    272.5000    7205.5879    8527.1289    6843.9062    6748.2124    6735.3809
    272.6000    7202.5708    8537.3643    6836.6748    6749.8711    6725.8667
    272.7000    7207.6562    8539.8135    6831.9790    6746.4629    6728.4834
    272.8000    7220.7012    8529.1426    6826.5566    6746.8472    6737.0962
    272.9000    7228.0718    8538.0371    6826.2397    6758.3657    6753.8105
    273.0000    7216.9556    8534.5566    6837.4272    6766.4150    6762.7598
    273.1000    7212.5024    8531.5010    6846.7993    6778.4956    6758.8862
    273.2000    7217.6992    8539.0400    6850.0581    6785.2871    6755.1997
    273.3000    7222.9277    8549.0020    6845.2461    6790.2490    6755.9067
    273.4000    7235.5488    8561.4619    6840.2241    6791.4604    6759.4971
    273.5000    7230.7803    8567.1211    6841.8877    6802.6748    6776.5396
    273.6000    7224.8843    8571.4365    6834.3462    6799.5259    6780.8286
    273.7000    7218.2817    8560.5547    6836.6626    6795.8848    6773.9707
    273.8000    7228.6055    8564.1553    6834.6377    6793.4004    6777.5000
    273.9000    7230.5513    8565.9395    6828.4062    6801.6885    6779.0122
    274.0000    7233.7021    8576.8975    6826.3901    6806.8936    6771.7651
    274.1000    7223.6875    8572.1025    6831.4053    6805.9873    6771.3569
    274.2000    7225.7153    8568.7617    6835.6831    6808.1816    6766.8916
    274.3000    7228.6885    8588.6943    6846.0337    6814.3589    6757.3379
    274.4000    7224.8872    8605.2812    6859.5708    6819.4888    6752.1479
    274.5000    7223.9385    8605.4482    6854.4004    6811.2905    6753.9678
    274.6000    7225.7661    8612.3105    6852.5718    6819.0913    6761.6343
    274.7000    7240.2837    8625.3857    6864.9087    6826.0034    6760.2344
    274.8000    7252.2349    8623.9629    6861.2119    6827.8960    6782.5566
    274.9000    7261.4956    8624.1484    6849.6758    6835.5186    6794.7710
    275.0000    7271.7163    8631.9688    6846.4521    6840.1489    6790.8867
    275.1000    7274.9126    8634.9766    6847.9473    6845.0430    6795.2905
    275.2000    7275.4043    8632.8643    6850.4468    6850.4897    6780.5400
    275.3000    7289.0918    8633.3984    6856.0225    6864.2407    6778.0820
    275.4000    7296.7603    8628.5928    6856.3281    6876.9272    6785.2803
    275.5000    7302.7573    8628.3867    6853.2104    6871.3472    6782.6885
    275.6000    7319.2231    8633.4854    6858.7354    6868.0303    6777.4688
    275.7000    7326.9258    8643.9639    6874.7466    6861.8945    6784.0347
    275.8000    7326.0938    8671.2695    6889.9341    6857.9663    6780.5151
    275.9000    7320.1880    8671.8105    6904.3662    6849.6729    6792.2944
    276.0000    7316.9780    8686.6123    6909.6724    6843.5942    6791.2910
    276.1000    7312.5371    8690.9131    6916.1787    6845.5571    6794.0474
    276.2000    7316.2227    8702.3877    6920.0728    6843.9155    6805.6494
    276.3000    7320.0801    8714.2480    6927.0371    6848.8647    6813.6831
    276.4000    7327.4883    8721.3604    6925.7441    6851.7446    6823.2627
    276.5000    7327.4990    8708.1953    6917.6050    6849.5415    6832.5254
    276.6000    7327.3638    8714.7852    6924.5967    6848.6470    6836.8145
    276.7000    7332.6528    8720.1299    6917.0825    6854.8530    6829.5869
    276.8000    7344.0903    8716.4229    6916.6377    6858.7285    6830.8564
    276.9000    7348.7305    8725.9258    6919.4961    6852.2280    6832.8853
    277.0000    7349.9419    8729.6455    6918.7876    6843.9956    6825.2412
    277.1000    7358.6470    8739.8086    6918.7842    6846.2002    6820.8008
    277.2000    7354.8345    8741.9766    6922.1729    6850.7432    6818.9155
    277.3000    7370.0625    8752.4121    6939.0742    6861.1372    6827.2490
    277.4000    7379.7427    8762.2158    6946.1504    6877.3574    6830.2007
    277.5000    7380.7222    8755.2334    6949.0635    6876.7852    6828.4604
    277.6000    7390.4941    8762.2588    6957.0098    6879.5522    6836.3569
    277.7000    7390.7070    8765.1152    6964.5215    6884.8936    6844.3394
    277.8000    7397.7510    8761.7920    6959.8286    6899.9341    6847.1978
    277.9000    7406.7832    8774.0205    6950.6724    6899.4121    6845.4370
    278.0000    7417.1909    8783.3359    6953.1001    6905.1440    6850.8506
    278.1000    7417.9727    8777.6396    6937.7964    6896.8442    6855.7065
    278.2000    7421.3013    8779.8975    6937.2178    6902.1851    6849.8511
    278.3000    7417.6348    8787.7793    6931.4932    6910.0439    6847.5825
    278.4000    7418.2129    8799.5254    6929.4380    6918.8335    6851.8418
    278.5000    7431.3667    8812.5420    6931.3970    6922.6978    6860.2148
    278.6000    7447.0068    8824.1426    6940.1528    6926.9365    6874.4897
    278.7000    7445.4814    8833.7002    6944.7686    6934.3286    6877.9316
    278.8000    7454.2993    8839.4834    6954.1963    6937.4062    6874.8960
    278.9000    7465.7432    8846.2559    6962.1807    6926.9336    6873.1030
    279.0000    7466.2002    8849.5371    6968.1387    6930.0684    6872.1885
    279.1000    7457.4863    8844.8252    6970.8320    6932.3677    6866.4932
    279.2000    7450.3062    8841.1240    6970.6943    6943.1504    6861.3184
    279.3000    7447.2397    8843.7969    6969.9316    6948.9307    6873.2998
    279.4000    7459.4668    8834.1709    6969.5620    6953.6479    6887.3740
    279.5000    7467.2119    8818.7148    6967.7637    6959.3008    6891.5396
    279.6000    7470.5908    8817.3516    6975.1597    6961.9146    6897.5601
    279.7000    7475.6157    8825.8896    6994.8745    6968.1597    6904.2417
    279.8000    7475.0723    8825.6143    7000.3623    6987.5161    6912.5693
    279.9000    7478.3760    8823.9980    7001.9805    6989.5718    6922.9351
    280.0000    7472.8057    8822.5225    7017.4712    6995.9492    6929.0508
    280.1000    7472.9526    8834.3867    7025.9512    6998.2065    6941.9731
    280.2000    7478.3335    8836.1260    7030.0908    7003.2949    6953.4194
    280.3000    7482.1338    8852.5938    7046.1943    7004.6157    6951.7661
    280.4000    7490.6167    8860.1416    7048.1040    7012.3794    6950.7119
    280.5000    7494.0688    8851.6475    7038.5410    7013.4189    6947.8979
    280.6000    7496.5117    8846.6143    7037.3496    7007.8184    6940.6885
    280.7000    7503.5400    8846.0449    7035.3276    7019.0854    6931.7534
    280.8000    7505.9551    8856.1748    7044.8262    7029.0869    6938.2324
    280.9000    7504.2310    8860.0674    7052.0405    7038.7373    6948.5820
    281.0000    7502.9663    8852.8369    7060.0195    7033.8169    6954.4043
    281.1000    7504.3428    8848.4883    7068.4839    7016.1904    6969.6528
    281.2000    7513.6792    8848.5684    7079.6582    6998.4688    6980.5312
    281.3000    7512.8154    8860.1475    7093.7070    6990.6865    6973.2593
    281.4000    7513.7710    8859.6152    7095.3350    6988.4282    6978.7710
    281.5000    7530.4595    8865.0225    7090.3428    6984.6348    6978.4790
    281.6000    7544.1636    8871.4316    7078.5625    6980.2583    6985.6284
    281.7000    7553.7856    8876.3984    7070.4551    6967.6592    6992.7744
    281.8000    7565.2568    8884.8096    7061.7319    6962.9429    6993.9473
    281.9000    7567.1958    8891.6201    7051.7275    6959.5161    7000.4897
    282.0000    7578.6353    8899.4863    7051.6987    6957.1519    6985.4663
    282.1000    7582.8135    8907.6943    7055.5044    6962.9189    6993.8813
    282.2000    7574.9512    8896.9033    7061.0356    6967.1167    7000.1440
    282.3000    7585.3462    8909.0449    7054.9917    6963.9932    7002.8218
    282.4000    7596.1470    8907.8018    7062.5249    6965.4785    6997.6626
    282.5000    7601.8433    8909.5459    7072.6665    6965.5303    7003.0742
    282.6000    7605.7812    8914.7275    7073.6333    6962.6992    7012.8960
    282.7000    7604.7461    8914.1309    7072.4165    6972.1909    7020.7124
    282.8000    7608.8599    8921.4971    7088.4199    6975.4897    7021.6724
    282.9000    7614.4731    8920.8975    7092.5669    6993.3403    7027.2192
    283.0000    7620.1851    8928.0186    7105.0581    7004.7192    7024.8408
    283.1000    7630.3623    8932.3555    7107.6831    7014.3472    7024.5845
    283.2000    7629.3604    8941.4385    7103.4722    7020.2812    7029.9038
    283.3000    7615.6885    8949.9248    7117.6396    7015.1919    7038.8730
    283.4000    7609.9004    8947.5742    7118.8740    7010.0376    7043.0879
    283.5000    7611.0527    8947.4287    7126.9307    7009.9966    7028.7432
    283.6000    7601.3169    8939.5078    7122.2974    7005.0356    7017.3218
    283.7000    7600.7627    8930.5859    7124.7852    7005.0332    7016.9409
    283.8000    7602.6504    8937.2275    7144.0220    7009.1177    7017.5669
    283.9000    7609.6963    8950.3389    7142.7651    7022.6958    7016.8647
    284.0000    7606.3506    8951.6553    7146.6021    7013.3345    7012.9248
    284.1000    7608.5894    8952.8955    7147.1318    7009.9038    7011.3838
    284.2000    7619.2148    8960.2568    7151.9351    7008.6104    7012.7026
    284.3000    7628.1743    8970.7949    7151.6479    7004.3809    7019.7964
    284.4000    7628.8589    8983.7578    7149.0586    7006.2778    7037.0635
    284.5000    7627.5332    8990.4023    7151.5073    7007.3242    7050.2129
    284.6000    7624.3374    8994.2461    7151.2510    7009.5010    7062.3574
    284.7000    7624.2949    8996.3428    7156.4165    7018.4258    7065.1206
    284.8000    7635.0874    9010.4023    7166.0356    7026.6284    7072.1206
    284.9000    7644.2700    9019.0723    7162.8960    7016.3506    7082.5132
    285.0000    7654.0342    9030.8926    7149.0444    7010.4570    7086.0039
    285.1000    7650.4351    9050.9453    7143.9512    7013.7598    7101.5542
    285.2000    7643.1562    9066.4434    7149.4165    7020.0552    7109.0786
    285.3000    7637.4292    9075.5088    7148.6479    7026.8833    7116.4629
    285.4000    7649.8901    9071.6289    7158.8599    7038.8574    7127.7012
    285.5000    7655.7432    9073.2988    7173.5522    7047.4341    7149.2222
    285.6000    7663.9062    9083.5967    7205.5459    7059.3911    7171.5029
    285.7000    7671.3491    9081.3818    7219.0410    7060.4146    7175.9897
    285.8000    7671.0615    9071.9033    7217.4980    7055.9683    7176.2305
    285.9000    7672.7910    9074.6367    7221.5894    7064.0557    7173.5757
    286.0000    7669.5322    9076.8076    7222.0498    7078.2280    7172.9478
    286.1000    7671.9097    9062.3877    7222.7148    7079.4902    7169.3013
    286.2000    7675.3789    9060.2852    7216.6807    7091.8032    7163.6846
    286.3000    7684.0879    9072.7803    7224.3960    7097.2441    7168.8262
    286.4000    7681.5439    9086.8359    7232.7603    7107.0381    7189.3999
    286.5000    7677.1250    9094.5674    7246.3184    7102.0469    7186.0933
    286.6000    7687.0356    9114.5859    7243.9082    7111.5684    7167.1162
    286.7000    7704.5752    9128.7422    7245.3477    7112.0928    7164.4023
    286.8000    7715.6406    9139.8994    7250.1597    7112.7886    7156.7842
    286.9000    7720.2002    9142.2588    7249.5073    7109.6367    7154.2739
    287.0000    7721.0913    9151.0078    7259.8818    7114.8311    7155.3628
    287.1000    7717.1401    9170.8701    7260.4873    7115.7666    7158.0645
    287.2000    7717.6436    9159.9834    7264.7471    7131.8887    7157.1343
    287.3000    7729.9272    9160.0459    7267.4902    7128.9395    7155.0742
    287.4000    7726.8013    9157.4756    7273.0591    7146.1528    7164.0103
    287.5000    7720.6948    9173.7393    7266.6714    7168.9526    7171.2085
    287.6000    7725.1899    9184.5098    7265.6099    7178.1660    7168.1655
    287.7000    7722.6255    9193.7266    7257.0747    7177.2769    7163.9604
    287.8000    7711.4561    9193.5811    7251.7188    7181.7769    7170.8335
    287.9000    7717.8438    9193.1318    7249.1367    7190.9707    7180.3501
    288.0000    7711.2075    9201.0176    7245.9448    7190.1621    7188.2051
    288.1000    7706.4185    9215.9365    7262.1572    7204.5269    7183.5044
    288.2000    7715.9102    9228.1611    7265.6206    7208.6587    7186.6777
    288.3000    7726.0352    9224.9316    7271.7676    7216.6226    7203.7866
    288.4000    7739.8081    9228.5996    7273.1631    7212.4102    7214.3911
    288.5000    7750.2178    9245.0039    7273.7432    7221.0098    7218.6553
    288.6000    7768.0693    9243.5859    7273.6729    7229.7710    7223.5029
    288.7000    7775.8613    9239.0439    7264.6401    7238.8940    7228.3657
    288.8000    7780.8413    9246.2959    7262.9307    7241.3159    7233.9819
    288.9000    7791.7144    9246.1504    7263.7373    7239.7031    7252.3325
    289.0000    7788.1616    9258.8320    7265.2715    7245.0879    7274.6738
    289.1000    7771.2251    9285.3008    7277.5659    7240.0581    7283.4722
    289.2000    7774.9590    9285.1631    7285.0469    7246.3770    7290.6123
    289.3000    7767.8081    9285.6982    7288.3960    7250.4316    7297.3281
    289.4000    7773.0039    9289.8838    7275.4468    7251.4019    7297.6567
    289.5000    7778.8169    9291.9277    7265.7490    7261.1494    7291.4385
    289.6000    7782.4780    9294.2314    7261.3555    7272.3447    7290.9717
    289.7000    7792.0811    9281.0684    7240.4165    7281.9810    7296.8521
    289.8000    7803.7812    9281.1641    7249.9316    7271.4873    7304.4561
    289.9000    7802.5176    9284.1523    7247.1191    7263.9507    7314.4004
    290.0000    7794.4121    9288.6865    7243.0845    7263.5571    7329.8521
    290.1000    7801.4614    9289.5088    7244.5000    7254.5063    7332.4604
    290.2000    7799.3496    9290.2363    7256.6313    7250.3228    7318.2124
    290.3000    7793.8379    9288.7041    7262.3276    7257.3467    7310.7456
    290.4000    7788.1997    9296.2637    7263.4814    7265.6968    7307.6206
    290.5000    7784.3315    9296.3008    7261.0820    7272.5225    7311.8472
    290.6000    7781.4688    9297.4619    7250.0845    7269.4136    7328.0645
    290.7000    7781.8276    9302.2588    7240.0762    7275.0708    7331.6104
    290.8000    7792.1006    9307.4951    7244.2871    7272.6772    7332.7842
    290.9000    7792.5728    9307.9609    7251.6606    7277.3530    7334.6387
    291.0000    7798.1787    9304.2822    7257.4790    7280.6401    7323.7163
    291.1000    7798.5537    9310.2383    7263.9189    7283.2026    7311.6777
    291.2000    7803.6899    9310.0625    7275.8916    7291.1650    7308.9131
    291.3000    7787.7407    9309.2930    7274.5981    7280.2646    7316.0112
    291.4000    7781.7363    9310.4463    7275.8408    7285.8506    7315.8037
    291.5000    7788.9971    9309.4541    7271.5342    7286.6782    7310.5386
    291.6000    7797.5239    9321.1387    7281.1167    7298.0977    7308.7949
    291.7000    7795.4849    9322.2568    7274.9814    7303.6426    7314.0312
    291.8000    7797.7729    9322.1270    7282.1631    7326.3394    7314.9287
    291.9000    7803.3843    9323.5146    7285.6147    7337.2026    7309.6851
    292.0000    7821.0615    9341.3477    7298.5874    7331.3262    7315.3325
    292.1000    7831.3135    9346.6074    7309.2886    7321.6240    7312.4917
    292.2000    7838.7754    9345.5166    7317.0913    7309.9165    7325.9565
    292.3000    7837.7749    9336.2666    7326.0762    7315.0151    7314.4946
    292.4000    7850.9800    9331.5508    7327.8838    7320.9873    7320.3003
    292.5000    7864.1621    9329.8643    7335.7563    7332.6040    7327.9385
    292.6000    7867.0864    9327.0811    7341.9023    7339.0552    7327.8740
    292.7000    7873.5879    9316.7510    7355.4321    7344.8623    7320.9624
    292.8000    7877.5776    9317.6680    7355.9062    7346.6934    7326.6030
    292.9000    7877.8374    9321.3447    7362.4165    7361.0938    7332.7915
    293.0000    7889.2285    9326.7178    7368.8472    7385.9028    7345.9214
    293.1000    7897.3960    9343.8428    7381.7842    7388.8867    7361.8433
    293.2000    7897.3667    9340.2959    7397.3301    7392.1621    7371.3403
    293.3000    7900.0908    9344.4512    7404.2612    7398.8311    7378.0581
    293.4000    7903.7881    9347.3164    7407.3862    7421.5059    7375.2324
    293.5000    7897.9189    9361.4990    7395.8208    7439.5913    7374.2529
    293.6000    7883.3647    9366.2510    7389.4380    7446.9019    7372.5200
    293.7000    7881.0806    9379.0938    7380.1587    7450.0259    7371.8462
    293.8000    7876.4292    9403.3633    7381.8311    7461.7036    7374.4653
    293.9000    7889.1030    9420.0459    7384.7095    7459.7363    7379.6206
    294.0000    7892.1636    9428.6943    7387.2256    7459.7417    7386.1831
    294.1000    7892.3960    9433.5205    7398.8657    7451.4272    7400.9980
    294.2000    7888.5210    9439.8193    7402.8838    7458.4023    7402.6748
    294.3000    7890.1807    9444.9434    7404.5029    7474.8711    7410.4282
    294.4000    7883.2700    9457.6025    7406.8228    7475.5566    7431.1865
    294.5000    7881.5571    9474.3916    7408.3716    7488.5635    7440.0190
    294.6000    7883.3081    9484.0879    7405.9883    7487.4121    7448.8784
    294.7000    7871.1274    9479.8809    7410.0938    7495.5059    7443.1260
    294.8000    7860.4072    9470.4141    7407.0146    7498.2036    7443.2119
    294.9000    7863.8013    9470.7734    7409.0557    7505.5200    7431.1816
    295.0000    7874.8447    9490.3955    7413.9087    7510.3530    7438.9663
    295.1000    7885.3564    9496.0938    7413.7280    7513.1274    7436.9561
    295.2000    7886.3652    9499.8193    7418.6216    7498.8667    7413.2402
    295.3000    7882.5835    9496.4229    7415.7129    7501.8345    7403.7285
    295.4000    7890.1528    9488.8555    7427.6851    7500.8667    7396.1206
    295.5000    7899.2349    9480.2559    7428.6724    7504.5410    7396.2964
    295.6000    7910.1431    9485.8164    7427.3970    7511.0962    7397.3320
    295.7000    7913.1851    9486.7275    7420.2988    7513.1152    7398.5752
    295.8000    7910.5093    9503.8701    7432.1851    7517.9551    7405.5679
    295.9000    7906.2104    9508.1162    7429.1553    7516.4072    7418.2988
    296.0000    7913.7852    9491.2617    7428.1123    7522.0532    7416.1943
    296.1000    7924.2246    9487.0449    7430.2524    7527.6929    7405.7593
    296.2000    7936.8164    9473.8916    7425.5557    7512.4399    7415.4199
    296.3000    7928.8125    9458.5205    7421.4180    7511.2637    7420.3687
    296.4000    7917.3833    9460.2334    7419.8022    7518.9551    7426.6895
    296.5000    7913.3491    9463.2100    7425.1206    7514.2749    7424.5039
    296.6000    7916.6787    9459.9375    7423.0913    7510.3647    7424.2231
    296.7000    7915.2666    9458.1670    7434.2427    7509.2314    7416.0820
    296.8000    7916.2837    9461.9414    7440.8037    7513.0972    7406.5874
    296.9000    7911.5562    9453.6191    7453.1558    7508.8599    7403.2715
    297.0000    7906.5068    9472.5557    7454.9683    7506.7051    7403.0742
    297.1000    7893.9863    9481.3320    7464.8628    7507.3354    7413.8633
    297.2000    7879.5820    9485.6797    7471.0898    7510.6943    7420.5742
    297.3000    7862.5166    9506.2510    7483.0459    7531.8364    7422.7300
    297.4000    7853.7007    9524.7002    7485.6333    7548.1167    7432.7656
    297.5000    7853.9824    9531.0918    7490.2666    7568.3818    7437.1904
    297.6000    7854.3311    9529.5312    7491.4561    7579.5967    7429.5415
    297.7000    7861.2188    9524.3662    7486.4375    7585.6772    7431.8408
    297.8000    7873.0010    9521.7744    7474.0186    7583.1875    7450.0815
    297.9000    7875.0254    9535.9414    7468.4033    7584.7349    7449.5176
    298.0000    7877.1899    9553.7168    7465.5630    7593.1377    7451.0981
    298.1000    7890.7246    9557.5713    7461.6665    7598.4443    7442.8555
    298.2000    7900.1406    9568.2383    7463.1099    7597.1978    7435.9644
    298.3000    7896.4863    9585.9268    7453.4307    7596.5117    7444.8530
    298.4000    7901.5352    9586.3047    7453.9712    7602.3560    7460.9189
    298.5000    7903.6343    9576.8057    7437.6973    7609.7432    7460.1597
    298.6000    7907.6851    9575.4463    7426.6064    7603.5117    7466.0669
    298.7000    7922.8589    9582.8506    7434.7441    7607.5566    7470.9375
    298.8000    7925.8281    9592.6914    7428.3413    7614.0371    7479.2261
    298.9000    7922.3750    9602.6260    7418.1118    7615.4551    7495.9907
    299.0000    7907.5229    9604.9424    7423.1504    7619.5596    7516.3154
    299.1000    7894.3662    9601.2451    7431.8130    7620.4155    7522.2969
    299.2000    7885.0503    9594.1572    7452.3481    7626.7720    7526.0068
    299.3000    7877.8945    9612.6396    7462.9253    7619.1123    7523.5259
    299.4000    7873.6758    9616.6270    7473.3022    7624.1284    7534.8252
    299.5000    7878.8228    9621.4727    7474.3564    7622.0996    7534.6230
    299.6000    7879.0186    9617.2773    7471.0044    7633.4868    7541.9106
    299.7000    7890.3271    9619.9180    7469.9102    7634.0488    7551.6807
    299.8000    7894.2285    9614.7295    7466.2915    7646.9155    7559.7939
    299.9000    7901.6753    9616.6992    7465.3228    7644.7397    7571.0293
    300.0000    7900.4800    9622.2178    7467.3779    7640.9839    7586.0898
    300.1000    7908.1875    9623.5547    7469.5894    7644.7324    7590.0928
    300.2000    7907.6123    9612.8369    7479.9551    7654.9668    7598.5396
    300.3000    7905.2124    9596.2080    7489.2856    7651.5459    7606.3496
    300.4000    7906.9351    9580.8613    7492.7129    7657.0718    7608.8599
    300.5000    7912.2500    9570.2812    7489.0786    7661.4473    7628.3989
    300.6000    7917.5103    9573.4766    7493.4570    7665.7158    7630.1226
    300.7000    7919.4136    9591.7998    7501.1631    7665.7051    7633.7856
    300.8000    7926.4219    9611.1035    7505.6055    7677.3867    7641.5566
    300.9000    7927.5630    9619.0098    7512.6064    7690.3779    7639.8184
    301.0000    7934.8794    9628.7891    7515.6001    7690.3091    7627.0659
    301.1000    7932.5771    9639.8984    7520.9272    7686.8716    7636.8394
    301.2000    7947.4087    9645.1387    7516.8325    7672.8081    7633.6167
    301.3000    7960.0220    9645.8604    7524.5439    7670.0586    7651.6221
    301.4000    7964.7466    9651.7852    7524.8135    7661.5566    7665.1147
    301.5000    7967.6792    9650.1572    7516.2124    7652.8853    7668.0879
    301.6000    7959.9399    9655.0293    7519.2544    7648.3467    7676.7988
    301.7000    7955.7495    9651.7988    7523.4692    7651.9380    7688.1597
    301.8000    7937.2896    9651.4785    7533.9570    7658.9814    7691.8184
    301.9000    7941.7539    9660.6113    7546.4229    7659.1646    7689.9492
    302.0000    7940.0039    9663.8662    7542.4727    7658.9980    7692.2480
    302.1000    7940.7769    9662.0400    7544.6904    7665.8965    7697.9458
    302.2000    7936.7720    9662.2451    7534.9785    7669.5352    7703.3301
    302.3000    7951.6714    9666.8770    7529.4248    7679.1963    7702.0498
    302.4000    7958.9023    9661.2080    7523.3438    7684.6875    7695.3774
    302.5000    7958.4072    9653.2275    7515.0854    7688.2612    7689.8218
    302.6000    7964.4009    9643.4736    7518.0820    7690.3169    7693.7319
    302.7000    7982.0190    9623.8818    7521.2432    7694.2397    7703.6177
    302.8000    7993.3306    9613.8486    7519.1587    7693.4307    7708.6875
    302.9000    8005.8926    9607.0449    7523.2744    7690.7153    7705.8135
    303.0000    8002.9053    9611.7930    7526.3164    7683.0728    7709.8286
    303.1000    8016.0762    9613.8193    7513.4917    7681.6113    7723.6680
    303.2000    8018.8564    9613.4033    7506.5469    7684.7583    7729.3960
    303.3000    8029.3081    9615.6572    7511.2466    7688.0278    7727.3242
    303.4000    8037.2314    9616.1875    7522.1602    7700.5913    7721.4092
    303.5000    8034.1348    9619.9795    7531.8149    7710.2944    7726.4058
    303.6000    8038.0820    9604.6914    7536.8926    7716.1333    7742.1294
    303.7000    8026.2104    9601.9951    7534.5308    7720.2456    7756.8447
    303.8000    8007.4629    9619.8242    7524.3994    7720.1904    7755.7842
    303.9000    7999.3872    9616.2051    7523.7651    7740.6030    7760.4697
    304.0000    8003.6318    9615.0029    7528.6050    7761.1294    7763.0210
    304.1000    8002.3979    9614.7236    7517.2231    7769.4312    7769.9819
    304.2000    8013.8218    9602.6885    7513.5488    7767.2847    7780.5356
    304.3000    8026.5752    9600.8945    7502.2964    7758.1992    7774.9058
    304.4000    8043.1587    9599.0225    7495.4658    7754.3135    7770.6631
    304.5000    8040.6714    9617.5732    7481.0615    7746.9131    7774.7344
    304.6000    8036.7246    9620.6855    7468.9731    7745.0977    7789.4839
    304.7000    8045.6304    9637.7979    7475.8589    7752.3560    7792.1035
    304.8000    8048.9600    9638.4922    7488.9976    7758.6353    7794.9790
    304.9000    8062.1494    9636.0254    7499.2544    7758.4189    7791.5728
    305.0000    8076.3789    9648.7305    7512.4902    7765.4458    7802.8784
    305.1000    8069.8950    9648.5801    7520.0161    7764.1865    7824.5093
    305.2000    8067.8813    9651.4424    7525.4697    7767.2715    7837.3794
    305.3000    8068.3901    9648.6699    7523.9771    7774.5928    7845.0542
    305.4000    8062.4106    9658.1143    7539.1978    7765.1069    7856.6587
    305.5000    8059.4624    9651.8750    7553.3188    7761.6445    7872.7129
    305.6000    8058.6011    9664.1084    7558.2930    7751.9541    7868.7231
    305.7000    8061.1846    9668.2676    7560.5532    7752.6519    7873.8130
    305.8000    8054.6377    9667.7793    7557.5820    7741.5430    7881.2036
    305.9000    8040.3540    9670.6582    7549.3535    7743.9883    7886.4321
    306.0000    8059.5186    9662.7041    7558.8022    7754.0347    7895.9346
    306.1000    8052.2910    9665.1299    7569.3335    7757.4312    7908.3730
    306.2000    8047.8022    9673.6787    7571.9937    7768.7021    7906.3291
    306.3000    8049.4619    9681.6455    7581.0508    7762.4585    7920.7378
    306.4000    8059.1040    9671.5186    7587.2510    7757.4053    7928.5186
    306.5000    8062.8228    9666.4912    7598.9219    7761.9976    7929.9619
    306.6000    8053.5151    9673.0391    7601.5967    7774.7349    7937.2759
    306.7000    8046.8706    9679.8076    7604.8901    7796.8540    7953.3784
    306.8000    8040.5254    9687.0234    7596.8843    7803.4717    7957.7437
    306.9000    8034.1470    9682.1016    7590.3096    7814.0669    7968.4180
    307.0000    8040.3979    9676.1865    7596.8833    7819.3252    7975.5273
    307.1000    8048.8120    9679.8994    7599.4478    7823.8911    7983.1714
    307.2000    8057.9614    9686.1338    7615.2397    7827.0186    7982.5684
    307.3000    8057.7178    9693.6650    7616.6831    7826.1821    7974.6899
    307.4000    8069.8066    9716.2852    7609.8613    7810.4341    7975.5322
    307.5000    8077.1816    9736.1113    7614.7314    7802.1582    7974.6309
    307.6000    8084.5405    9739.7764    7623.3994    7794.5371    7973.2368
    307.7000    8090.2192    9732.6045    7623.0635    7796.4917    7971.3350
    307.8000    8102.6084    9715.7617    7635.4492    7798.1748    7966.8711
    307.9000    8123.6494    9706.6523    7644.7627    7793.0479    7963.5972
    308.0000    8136.3706    9701.9697    7658.7427    7785.5347    7969.2500
    308.1000    8146.0742    9707.3828    7665.2354    7775.1089    7971.4033
    308.2000    8154.3818    9697.0986    7672.2974    7765.6025    7971.9692
    308.3000    8158.4585    9703.9805    7679.2666    7757.7617    7980.2998
    308.4000    8160.9976    9716.5186    7680.6377    7757.0269    7985.6748
    308.5000    8164.4688    9706.9199    7684.7959    7749.8027    7982.5933
    308.6000    8167.8945    9701.0986    7686.8262    7753.8662    7994.8853
    308.7000    8170.7271    9708.2334    7677.1099    7739.7988    8007.3438
    308.8000    8181.2993    9711.9990    7685.5225    7734.3008    8007.2773
    308.9000    8189.0278    9710.5645    7694.8574    7731.6167    8018.1738
    309.0000    8195.2881    9718.6650    7708.6631    7735.2622    8021.6621
    309.1000    8203.0850    9715.1963    7714.3589    7733.6533    8021.9956
    309.2000    8199.7646    9713.9492    7718.7622    7725.1958    8018.4028
    309.3000    8200.4736    9712.2627    7725.7432    7723.8633    8016.4604
    309.4000    8207.2021    9711.5537    7725.3394    7711.6416    8015.0762
    309.5000    8209.3711    9723.6934    7712.1675    7708.9746    8003.1411
    309.6000    8206.4912    9747.6211    7711.3149    7704.6914    7994.1855
    309.7000    8205.7354    9760.0107    7725.9551    7704.8633    7978.7686
    309.8000    8205.2031    9763.3545    7739.0557    7708.8706    7964.3691
    309.9000    8219.8047    9786.6064    7737.2632    7699.6416    7962.8379
    310.0000    8226.5176    9809.0762    7737.7178    7715.2837    7966.4385
    310.1000    8230.9893    9802.7363    7743.9551    7722.8120    7961.4595
    310.2000    8216.7734    9800.7754    7748.3286    7719.9248    7955.2319
    310.3000    8213.6533    9798.6729    7750.6504    7720.9282    7958.6064
    310.4000    8211.9150    9800.9668    7752.0493    7737.2842    7969.4878
    310.5000    8203.8662    9808.3105    7751.9663    7745.5210    7965.5000
    310.6000    8194.4062    9818.6670    7745.0532    7743.4585    7960.2524
    310.7000    8193.1924    9833.9043    7751.0928    7748.5288    7959.7222
    310.8000    8187.7036    9818.7930    7765.6646    7760.9741    7966.2012
    310.9000    8178.0776    9817.4287    7771.3315    7769.2104    7969.7974
    311.0000    8167.2314    9829.6133    7773.8589    7777.0854    7976.6519
    311.1000    8165.1226    9841.1963    7768.3784    7786.1572    7999.5566
    311.2000    8167.6401    9851.8516    7769.3462    7796.3042    8000.6021
    311.3000    8162.2129    9873.4102    7776.6875    7802.8594    8008.6646
    311.4000    8162.3945    9881.9395    7780.1968    7811.6807    8027.9668
    311.5000    8166.1587    9901.1299    7794.9941    7820.6689    8033.8472
    311.6000    8168.6968    9921.7607    7811.6411    7833.2256    8035.1504
    311.7000    8172.6509    9924.5898    7815.2651    7847.7437    8044.3008
    311.8000    8173.2378    9923.1104    7830.6353    7857.8779    8044.2744
    311.9000    8178.2339    9925.6045    7833.5869    7868.1772    8044.5444
    312.0000    8183.0151    9951.4043    7839.2949    7869.2632    8044.2598
    312.1000    8182.0825    9940.5537    7849.4248    7858.3677    8058.5093
    312.2000    8212.4756    9934.1045    7855.5054    7847.7686    8066.5010
    312.3000    8232.2393    9945.8213    7861.2568    7842.9429    8061.2207
    312.4000    8252.5957    9964.9756    7864.3618    7836.5625    8060.3345
    312.5000    8265.6680    9978.1816    7868.7935    7834.5928    8057.3599
    312.6000    8279.0215    9980.8486    7871.3188    7837.4712    8054.3623
    312.7000    8286.2510    9983.4824    7868.3247    7850.4043    8058.2471
    312.8000    8280.7295    9993.3418    7862.2559    7861.4092    8063.0449
    312.9000    8278.9707    9999.3291    7867.5474    7867.5098    8077.1069
    313.0000    8277.3594   10002.6729    7876.2476    7874.8320    8088.0449
    313.1000    8277.7441   10004.5195    7877.7783    7871.0601    8101.6841
    313.2000    8275.2744   10001.3457    7876.5879    7866.8477    8108.2061
    313.3000    8265.6406   10014.0762    7868.1958    7870.0659    8108.6934
    313.4000    8263.5420   10016.4072    7884.0752    7885.4448    8106.5776
    313.5000    8257.3672   10014.8174    7894.7188    7898.6479    8112.4087
    313.6000    8254.3477   10002.9561    7900.9258    7912.5229    8122.3877
    313.7000    8256.3438    9995.6240    7900.6909    7910.8926    8117.3481
    313.8000    8250.1211    9983.5000    7899.8818    7922.3228    8115.1528
    313.9000    8245.7637    9984.8682    7905.3999    7917.6382    8114.0122
    314.0000    8248.3223    9997.5674    7919.2686    7916.0981    8120.2612
    314.1000    8252.1748   10021.4629    7926.1538    7917.1211    8112.5024
    314.2000    8240.7441   10027.4111    7936.5645    7908.8169    8118.5845
    314.3000    8240.2588   10035.2061    7934.7896    7903.9443    8126.1011
    314.4000    8242.6963   10035.0791    7939.8115    7907.5229    8128.4897
    314.5000    8242.8232   10043.1133    7942.6343    7910.3252    8127.8887
    314.6000    8244.8896   10045.6113    7939.3916    7912.0000    8134.3945
    314.7000    8242.3291   10051.7979    7936.9409    7916.7319    8139.0635
    314.8000    8244.0186   10050.0713    7932.6440    7914.2227    8142.2031
    314.9000    8236.4307   10052.2568    7930.2534    7917.6221    8137.9399
    315.0000    8236.8691   10057.8330    7931.7271    7914.6758    8144.3901
    315.1000    8252.1211   10066.8818    7932.8447    7922.7363    8147.6074
    315.2000    8264.3301   10067.8252    7921.8315    7927.6440    8139.6123
    315.3000    8270.8994   10063.6641    7927.8467    7928.3345    8146.7012
    315.4000    8280.3105   10066.4141    7927.2959    7936.1138    8145.0010
    315.5000    8271.4443   10059.7637    7936.7856    7938.7363    8167.4106
    315.6000    8271.1934   10051.3584    7949.6699    7927.6802    8175.9019
    315.7000    8282.1279   10053.3164    7937.2007    7920.8184    8172.4746
    315.8000    8285.6533   10048.2129    7939.4126    7926.0801    8172.1309
    315.9000    8294.5791   10056.5576    7944.9790    7932.7153    8181.8335
    316.0000    8285.5635   10072.0068    7941.3965    7938.7104    8187.1104
    316.1000    8282.0312   10089.5303    7936.6133    7942.9863    8201.3271
    316.2000    8270.7139   10109.7061    7928.8936    7945.0474    8192.0264
    316.3000    8269.7412   10118.1641    7937.1597    7953.5708    8185.2153
    316.4000    8261.5312   10109.6211    7941.7690    7970.9331    8200.1045
    316.5000    8257.3682   10107.4307    7940.2349    7983.2695    8203.9727
    316.6000    8249.0381   10097.5186    7932.2041    7978.1831    8206.8320
    316.7000    8238.6240   10098.2568    7934.1719    7978.1426    8205.1699
    316.8000    8240.0352   10105.4238    7936.5938    7987.6748    8205.4727
    316.9000    8254.7705   10109.7891    7928.5522    7995.6646    8197.3477
    317.0000    8264.8984   10105.3271    7928.6519    8005.4307    8196.7812
    317.1000    8262.1006   10110.0273    7919.0811    8004.5913    8203.9990
    317.2000    8276.9307   10118.0303    7916.0601    8008.8262    8205.9287
    317.3000    8277.3643   10094.5811    7921.7915    8015.9258    8207.5693
    317.4000    8279.2480   10099.4355    7930.5737    8010.4053    8205.9277
    317.5000    8273.2051   10122.1982    7938.7124    7996.6792    8213.3711
    317.6000    8277.9785   10123.6416    7933.7964    8004.1479    8219.3506
    317.7000    8271.8418   10125.1426    7946.7612    8007.9868    8219.3184
    317.8000    8279.2490   10136.9863    7943.0254    8010.0273    8219.1396
    317.9000    8281.7559   10150.7832    7945.7690    8024.0991    8220.2490
    318.0000    8298.3467   10144.1113    7947.9331    8020.4551    8224.1953
    318.1000    8315.7666   10165.3145    7948.9409    8020.1396    8229.9600
    318.2000    8327.3359   10179.4512    7959.2300    8021.5122    8235.0576
    318.3000    8354.7139   10180.8828    7967.6167    8023.9121    8221.2148
    318.4000    8360.1924   10175.2617    7969.7935    8035.9028    8227.3789
    318.5000    8351.3838   10188.0137    7971.5898    8043.0625    8226.5254
    318.6000    8357.8701   10194.8916    7984.8320    8050.0762    8230.6221
    318.7000    8360.4189   10193.3496    7986.0542    8053.3345    8225.6455
    318.8000    8380.5977   10193.7734    7985.7446    8068.9814    8214.9678
    318.9000    8372.9297   10199.7500    7975.0762    8074.8354    8215.0908
    319.0000    8374.2764   10198.9609    7966.4731    8085.8384    8212.3232
    319.1000    8378.7080   10193.9258    7972.1572    8090.4097    8215.7070
    319.2000    8383.7002   10195.1602    7974.4683    8097.2432    8218.4209
    319.3000    8390.3066   10198.6387    7975.8198    8100.1470    8222.5498
    319.4000    8384.8975   10211.6631    7970.4653    8100.3613    8225.6426
    319.5000    8386.1445   10226.9111    7960.4805    8096.0879    8221.4873
    319.6000    8389.2803   10246.8184    7959.2300    8096.5488    8217.6582
    319.7000    8386.9229   10243.1523    7957.4683    8097.6543    8210.9199
    319.8000    8389.9395   10254.6924    7958.8052    8092.4053    8213.0928
    319.9000    8404.3770   10259.8984    7966.2261    8084.6240    8214.6191
    320.0000    8413.6455   10249.6982    7975.1309    8086.1445    8205.0049
    320.1000    8427.3125   10261.0791    7990.8633    8095.4185    8194.4395
    320.2000    8445.0645   10271.1963    7990.1211    8103.3833    8194.4561
    320.3000    8455.8203   10278.7949    7989.7104    8117.8521    8186.8438
    320.4000    8459.3145   10284.6855    7983.5854    8121.4995    8180.9175
    320.5000    8458.6914   10287.8037    7978.6621    8115.7993    8172.6260
    320.6000    8462.2520   10288.7773    7983.5034    8122.3550    8171.1294
    320.7000    8463.4951   10290.4375    7985.4868    8126.8271    8167.6973
    320.8000    8464.0479   10290.8867    7985.5181    8135.5630    8172.4136
    320.9000    8463.7773   10291.9170    7988.9805    8133.3418    8182.0210
    321.0000    8468.6885   10293.8438    7997.0352    8138.6714    8191.1284
    321.1000    8471.4561   10287.7803    8009.6064    8155.5439    8192.9453
    321.2000    8480.7070   10290.6885    8015.0024    8173.0117    8203.0088
    321.3000    8498.6113   10292.0830    8009.1353    8180.9038    8206.8643
    321.4000    8498.6816   10302.0918    7994.6304    8182.3101    8200.5332
    321.5000    8511.7520   10298.9336    7993.1006    8194.5312    8189.7583
    321.6000    8523.1035   10303.8242    7994.1538    8201.9814    8185.9131
    321.7000    8524.3633   10308.0869    7990.1562    8206.5127    8187.2559
    321.8000    8524.8633   10319.9551    7987.6353    8214.3018    8199.7266
    321.9000    8525.6426   10307.1162    7990.3477    8210.5225    8205.0420
    322.0000    8527.5547   10308.4678    7988.6206    8207.8633    8205.1689
    322.1000    8538.0264   10296.8887    7983.4028    8212.0674    8200.0264
    322.2000    8553.4424   10296.1992    7987.3887    8202.5381    8193.4668
    322.3000    8563.3232   10290.6797    7985.7822    8208.8438    8194.2422
    322.4000    8561.7266   10294.6611    7988.0977    8208.7354    8193.2822
    322.5000    8566.0947   10289.1318    7986.9644    8205.4238    8196.3955
    322.6000    8572.9062   10288.8887    8008.5562    8206.5928    8197.4473
    322.7000    8575.6934   10296.9482    8024.2129    8203.0850    8191.3911
    322.8000    8570.9697   10302.3428    8016.5337    8193.3262    8193.1260
    322.9000    8562.3750   10309.7695    8024.8252    8195.2822    8202.1045
    323.0000    8555.6562   10319.8369    8017.1021    8195.3818    8201.8330
    323.1000    8558.4365   10333.3203    8022.8979    8196.4746    8204.2246
    323.2000    8551.0127   10349.5352    8011.7471    8189.8999    8202.6318
    323.3000    8556.5439   10366.3262    8017.5635    8191.2520    8203.4248
    323.4000    8564.7832   10378.5039    8021.0957    8187.6680    8208.5557
    323.5000    8575.9707   10374.8398    8019.7930    8188.0791    8215.2920
    323.6000    8573.7939   10373.2168    8019.4004    8199.3975    8216.1807
    323.7000    8570.3311   10369.1328    8027.6064    8197.8418    8209.8359
    323.8000    8578.6299   10374.1016    8037.7188    8205.6143    8203.7852
    323.9000    8583.7393   10395.3701    8051.4072    8206.0635    8205.3174
    324.0000    8601.5391   10400.4893    8056.7168    8216.2852    8200.7764
    324.1000    8597.9199   10392.4570    8059.7490    8215.9287    8206.4648
    324.2000    8601.5293   10383.3613    8059.3628    8207.9648    8221.6387
    324.3000    8593.5400   10382.2803    8061.5513    8202.0459    8229.8330
    324.4000    8608.4561   10366.1855    8061.0186    8200.8213    8232.9766
    324.5000    8614.1299   10373.5117    8058.9824    8208.2646    8236.3750
    324.6000    8613.1514   10380.1875    8061.9663    8211.5898    8232.8516
    324.7000    8611.3613   10393.8711    8064.1719    8218.7881    8243.7979
    324.8000    8620.4961   10396.1064    8063.7070    8208.3662    8264.6221
    324.9000    8621.7139   10406.7676    8062.6714    8212.1318    8265.0518
    325.0000    8622.8857   10407.4746    8058.8911    8207.6631    8278.1426
    325.1000    8624.2070   10406.3613    8052.9404    8206.1387    8275.7998
    325.2000    8619.3389   10399.0391    8055.7974    8211.3086    8270.3018
    325.3000    8620.6572   10395.7744    8059.3447    8203.5391    8272.4287
    325.4000    8625.9766   10398.7441    8067.4575    8200.0068    8269.6963
    325.5000    8633.7539   10398.5986    8068.6553    8199.2305    8270.2432
    325.6000    8639.0068   10413.5322    8062.9668    8189.1279    8280.6631
    325.7000    8639.3760   10415.2627    8052.0244    8191.4062    8277.5039
    325.8000    8639.7832   10405.4600    8035.0347    8194.7480    8277.9297
    325.9000    8627.9775   10412.6064    8030.4380    8193.7822    8278.8555
    326.0000    8619.1387   10420.7822    8019.7534    8184.8262    8277.9141
    326.1000    8607.9023   10415.0957    8017.5474    8187.5371    8265.4697
    326.2000    8612.3955   10421.0742    8027.4619    8177.7261    8251.9629
    326.3000    8600.8105   10439.4980    8015.3022    8184.0811    8253.5381
    326.4000    8600.8604   10458.3076    8014.1538    8186.6865    8263.6357
    326.5000    8609.4297   10475.8711    8015.3540    8188.5869    8273.9326
    326.6000    8607.8311   10502.0518    8019.6914    8195.3633    8274.2734
    326.7000    8601.3799   10494.3125    8024.2783    8203.1426    8276.8447
    326.8000    8597.4209   10490.7207    8032.1621    8216.6709    8277.5703
    326.9000    8606.5840   10508.1982    8032.8428    8219.8428    8279.0244
    327.0000    8602.5430   10504.2617    8040.1938    8226.3730    8289.4111
    327.1000    8622.3867   10515.7988    8036.2021    8239.9385    8299.7549
    327.2000    8642.4258   10516.2891    8046.5991    8238.9756    8303.7021
    327.3000    8650.0264   10515.0488    8059.7686    8239.4453    8312.5039
    327.4000    8665.2510   10528.1982    8075.8306    8233.4707    8310.5225
    327.5000    8674.9424   10524.1260    8081.2002    8236.0068    8306.0186
    327.6000    8679.4502   10502.9424    8079.9771    8244.4727    8297.7998
    327.7000    8677.7422   10500.0537    8088.2695    8244.9199    8298.3418
    327.8000    8667.9922   10492.1641    8087.3159    8237.8408    8289.1943
    327.9000    8679.2295   10479.6934    8091.8022    8238.2666    8288.5518
    328.0000    8685.5010   10484.6084    8087.3081    8236.5322    8300.5508
    328.1000    8690.3164   10492.3691    8088.4336    8240.9629    8307.7373
    328.2000    8699.8330   10494.0352    8105.0229    8238.5205    8316.8809
    328.3000    8700.6553   10491.9746    8115.1992    8233.1650    8323.4883
    328.4000    8702.3877   10497.7568    8123.1475    8233.4883    8316.9834
    328.5000    8707.8760   10500.7627    8135.8628    8230.9141    8312.4678
    328.6000    8705.0449   10499.4121    8131.0718    8221.3486    8312.4209
    328.7000    8701.3945   10499.1123    8134.1494    8221.3154    8312.7803
    328.8000    8710.2686   10500.5889    8140.1846    8220.3398    8321.5547
    328.9000    8710.5234   10493.3818    8134.8696    8221.4023    8318.1494
    329.0000    8715.2949   10484.2725    8138.6055    8229.6250    8315.8291
    329.1000    8722.3320   10491.1504    8143.3843    8224.2568    8322.9258
    329.2000    8719.3311   10492.4561    8157.5845    8217.7354    8319.0498
    329.3000    8728.5918   10498.1084    8169.3555    8220.2197    8326.1299
    329.4000    8729.5166   10496.4307    8171.1587    8225.4043    8338.8457
    329.5000    8732.7324   10496.6191    8161.6050    8231.1816    8337.2324
    329.6000    8726.8330   10495.9727    8166.1909    8235.6758    8344.2168
    329.7000    8720.7363   10478.9189    8162.7651    8234.6982    8346.9697
    329.8000    8723.2871   10470.9736    8162.8135    8239.4990    8354.6699
    329.9000    8725.2959   10452.5635    8169.2661    8251.2031    8354.0986
    330.0000    8718.2666   10437.6992    8188.8843    8248.4795    8351.9727
    330.1000    8709.9688   10421.2920    8193.2754    8247.3574    8357.9316
    330.2000    8702.9170   10412.2773    8195.5127    8247.8125    8374.0586
    330.3000    8698.1367   10402.0234    8208.7891    8245.0234    8378.9414
    330.4000    8688.9629   10404.7686    8223.3379    8246.4561    8388.0479
    330.5000    8690.7637   10412.7568    8238.3027    8243.5488    8395.0078
    330.6000    8698.0195   10414.4209    8238.9756    8238.4922    8396.3818
    330.7000    8702.6084   10412.0625    8224.7764    8234.2803    8399.9346
    330.8000    8708.1436   10421.9932    8234.3994    8232.0381    8399.0732
    330.9000    8703.6768   10429.4766    8230.1875    8239.5928    8400.1357
    331.0000    8703.1465   10435.8496    8228.6885    8243.7988    8393.4648
    331.1000    8696.0264   10439.0225    8222.1377    8237.9336    8389.4072
    331.2000    8698.3467   10436.1123    8219.4385    8232.7510    8376.8398
    331.3000    8701.5195   10428.7695    8218.5811    8220.2959    8385.1787
    331.4000    8698.1816   10423.5439    8222.5947    8216.1396    8377.4932
    331.5000    8688.6084   10416.6826    8224.7852    8213.9707    8382.3008
    331.6000    8683.0205   10414.8799    8237.8750    8225.5293    8380.9717
    331.7000    8672.5840   10411.1914    8236.7627    8238.5430    8369.6758
    331.8000    8683.8398   10398.9307    8233.6650    8234.1523    8374.5088
    331.9000    8685.6260   10390.7617    8246.7061    8233.8857    8375.8281
    332.0000    8685.2705   10387.4922    8257.1113    8229.8555    8358.1348
    332.1000    8693.6650   10390.0625    8250.7139    8229.2734    8354.9980
    332.2000    8687.2383   10385.1338    8255.8164    8230.2041    8352.2500
    332.3000    8696.7441   10383.7236    8244.8477    8234.7861    8361.4014
    332.4000    8702.1924   10393.3887    8244.8281    8228.4941    8366.5312
    332.5000    8698.9668   10404.6338    8250.5020    8228.6904    8375.6123
    332.6000    8697.0537   10404.2549    8247.9902    8234.2305    8377.3477
    332.7000    8712.6416   10429.8916    8243.1992    8229.9756    8369.0459
    332.8000    8727.4082   10454.7363    8245.5352    8222.8398    8360.4707
    332.9000    8739.2168   10453.7988    8253.2676    8231.0830    8364.5000
    333.0000    8732.5293   10436.9385    8255.3711    8233.4238    8370.4238
    333.1000    8725.5547   10445.7227    8251.4668    8234.1777    8381.3652
    333.2000    8724.5547   10459.8359    8253.2549    8246.6846    8380.4932
    333.3000    8725.9619   10474.9258    8251.0645    8259.5635    8383.3877
    333.4000    8733.4854   10481.6250    8250.0938    8280.1172    8383.2236
    333.5000    8737.8330   10495.0068    8253.1934    8283.4941    8387.3652
    333.6000    8735.5664   10498.5820    8243.6240    8279.8135    8383.4443
    333.7000    8754.0166   10490.9863    8256.9297    8279.1758    8386.9062
    333.8000    8748.0635   10489.5928    8254.5254    8289.5361    8387.9209
    333.9000    8758.2461   10483.3516    8257.5820    8295.2354    8377.3477
    334.0000    8765.4932   10481.3125    8271.5869    8304.1670    8361.0137
    334.1000    8751.4277   10493.5234    8269.9619    8308.6670    8351.2480
    334.2000    8734.5059   10500.8662    8269.0508    8316.4570    8341.7012
    334.3000    8726.3604   10504.4023    8280.0322    8315.3037    8324.8867
    334.4000    8718.1699   10509.7295    8285.5439    8310.5537    8313.3848
    334.5000    8718.8740   10514.7363    8295.2520    8314.3691    8309.2871
    334.6000    8734.4062   10525.7920    8296.4951    8314.9092    8301.3125
    334.7000    8744.3428   10512.4189    8296.4180    8324.8574    8302.2852
    334.8000    8746.0664   10501.2314    8287.5859    8337.6572    8306.2666
    334.9000    8750.6396   10500.2773    8287.6240    8345.8271    8308.3145
    335.0000    8758.3457   10499.5791    8289.7949    8342.3760    8320.9639
    335.1000    8753.5684   10495.3545    8293.0518    8330.4229    8315.7051
    335.2000    8756.2051   10492.9561    8299.4912    8329.2266    8320.4932
    335.3000    8755.4180   10498.2080    8302.0801    8336.2764    8327.1436
    335.4000    8747.1377   10496.1855    8300.4814    8340.1338    8320.9502
    335.5000    8746.0596   10492.4834    8289.3926    8348.9678    8331.3613
    335.6000    8747.7744   10502.7822    8295.4512    8346.1377    8327.2314
    335.7000    8753.4580   10512.5254    8300.7236    8347.0811    8328.0625
    335.8000    8764.2861   10503.0674    8314.3047    8337.2441    8332.5244
    335.9000    8774.0771   10500.3203    8319.4688    8333.4756    8331.5742
    336.0000    8786.6328   10500.1270    8325.3604    8333.0625    8318.4004
    336.1000    8792.9463   10496.7412    8319.9961    8333.1924    8319.2578
    336.2000    8813.0420   10490.4629    8330.1611    8339.4443    8324.0645
    336.3000    8830.0254   10483.2266    8335.9707    8350.6426    8312.0635
    336.4000    8842.5488   10482.7666    8341.5576    8352.1006    8310.5918
    336.5000    8844.8701   10488.0742    8356.9775    8356.8867    8311.3408
    336.6000    8845.8340   10474.0869    8367.6162    8368.0957    8313.6572
    336.7000    8849.7334   10471.2168    8376.8389    8382.6641    8306.7363
    336.8000    8836.9424   10468.8428    8391.4961    8399.8672    8303.1855
    336.9000    8846.2275   10481.7871    8412.5840    8400.7588    8304.0176
    337.0000    8849.2109   10494.3145    8427.7383    8402.7412    8292.7305
    337.1000    8850.2979   10503.7881    8435.0703    8415.9453    8286.4287
    337.2000    8849.3584   10507.3145    8433.9541    8434.1357    8287.1074
    337.3000    8844.6035   10513.8232    8431.4609    8452.7705    8302.9463
    337.4000    8840.8047   10502.4365    8416.7119    8457.8105    8315.6377
    337.5000    8845.8594   10508.0693    8413.1299    8451.6289    8318.8037
    337.6000    8840.3037   10502.1338    8417.4365    8455.1006    8320.1074
    337.7000    8839.4980   10486.4639    8416.1426    8461.5537    8330.7871
    337.8000    8848.6113   10482.6895    8427.4365    8466.7666    8328.0547
    337.9000    8865.8926   10497.7266    8441.4150    8468.8896    8326.1123
    338.0000    8869.6523   10502.0713    8432.5596    8469.7480    8335.1738
    338.1000    8881.6914   10503.3574    8436.8291    8472.2744    8322.4521
    338.2000    8889.8389   10520.3037    8428.0996    8471.6172    8329.7529
    338.3000    8895.8457   10522.0059    8434.0957    8481.5459    8339.0518
    338.4000    8896.0918   10518.2617    8429.8008    8489.0605    8347.5586
    338.5000    8902.7236   10524.5918    8427.1943    8493.3828    8358.8047
    338.6000    8908.9053   10517.3984    8424.2354    8507.7705    8366.2617
    338.7000    8924.4727   10528.2959    8425.5244    8513.8828    8372.1084
    338.8000    8926.4541   10535.0205    8418.4492    8519.1553    8357.2920
    338.9000    8945.3076   10548.6523    8412.3555    8520.0449    8350.6416
    339.0000    8957.7480   10559.1865    8420.1006    8516.2803    8347.5576
    339.1000    8951.1348   10576.2559    8423.4990    8509.9131    8350.4697
    339.2000    8958.1982   10591.1475    8435.9307    8502.9336    8363.4512
    339.3000    8962.0859   10609.0928    8446.2861    8500.4941    8368.5176
    339.4000    8982.0762   10614.6396    8452.6104    8493.1260    8373.9229
    339.5000    8999.0049   10629.3369    8466.7988    8495.2510    8379.1914
    339.6000    8996.2793   10633.7021    8468.2412    8512.1943    8376.0039
    339.7000    9001.7002   10638.4209    8475.8555    8518.2441    8371.9600
    339.8000    9003.1055   10655.1377    8472.3838    8523.5166    8365.5703
    339.9000    9013.9854   10673.1631    8461.5479    8526.5977    8369.4209
    340.0000    9026.0234   10684.3232    8463.7959    8524.5762    8377.1855
    340.1000    9036.0498   10706.4287    8468.8467    8527.8506    8388.5264
    340.2000    9035.9521   10708.7246    8478.5430    8544.6445    8400.6494
    340.3000    9040.1426   10721.3682    8482.1523    8554.2832    8403.1885
    340.4000    9047.6465   10713.6738    8481.5762    8542.4180    8407.7930
    340.5000    9056.7900   10720.2646    8474.7822    8539.6113    8410.4121
    340.6000    9076.1299   10721.6133    8474.6631    8532.6055    8426.9795
    340.7000    9083.3857   10732.0459    8476.3643    8534.2422    8437.4062
    340.8000    9093.6875   10741.4170    8481.7871    8536.2109    8437.6982
    340.9000    9088.5264   10753.2959    8493.8838    8534.0830    8449.3311
    341.0000    9091.6914   10745.6494    8503.6572    8534.5830    8463.1963
    341.1000    9095.7041   10741.5957    8515.1611    8545.8008    8476.8672
    341.2000    9098.1455   10755.8789    8526.7314    8532.8818    8469.0664
    341.3000    9101.5889   10770.0830    8528.0303    8526.9326    8475.3086
    341.4000    9093.2432   10775.5762    8526.7324    8531.1934    8481.9551
    341.5000    9100.7207   10778.0537    8514.2588    8544.5459    8492.1260
    341.6000    9103.4736   10783.3350    8503.6953    8564.7568    8478.3447
    341.7000    9095.7920   10777.0811    8496.9385    8569.1738    8478.5498
    341.8000    9087.7988   10769.4307    8494.2197    8578.3389    8467.0771
    341.9000    9081.2520   10758.0303    8497.3828    8589.7012    8470.5703
    342.0000    9073.8018   10755.0518    8501.7051    8592.8535    8480.1016
    342.1000    9092.0771   10759.2959    8502.6338    8599.0449    8489.1455
    342.2000    9104.7256   10757.2275    8506.3691    8604.4688    8495.3262
    342.3000    9099.1201   10760.2734    8515.6074    8615.0234    8496.6699
    342.4000    9096.9141   10766.1211    8522.0088    8610.8701    8493.9424
    342.5000    9084.7090   10767.7129    8525.6240    8610.2617    8482.9873
    342.6000    9077.5029   10772.0000    8528.0645    8620.5762    8504.3232
    342.7000    9071.7490   10766.8867    8540.0449    8621.4072    8510.8984
    342.8000    9071.6650   10765.6494    8553.9043    8621.7930    8497.3076
    342.9000    9069.2578   10757.7275    8553.7197    8612.4619    8496.0137
    343.0000    9081.0938   10765.3252    8543.1436    8610.8486    8497.0605
    343.1000    9092.5996   10765.6709    8540.3828    8612.2939    8511.9385
    343.2000    9092.8887   10768.8818    8525.4600    8615.5898    8526.3594
    343.3000    9098.7314   10763.9619    8519.7979    8616.5244    8544.5059
    343.4000    9099.7773   10764.7900    8519.1641    8621.9756    8546.5713
    343.5000    9089.4893   10781.4385    8523.3828    8621.6709    8540.1982
    343.6000    9076.7021   10784.9980    8518.4492    8621.0869    8545.9414
    343.7000    9075.5225   10776.6787    8530.6914    8617.6641    8541.9258
    343.8000    9078.2754   10790.6289    8547.8730    8620.1016    8545.7314
    343.9000    9082.1035   10813.8447    8547.5576    8629.4648    8545.8984
    344.0000    9074.9346   10827.5205    8570.2500    8636.2334    8540.8516
    344.1000    9063.5459   10846.3125    8572.8291    8641.3701    8534.6162
    344.2000    9064.9023   10856.4629    8576.1045    8638.3818    8534.7080
    344.3000    9064.3770   10870.2500    8574.9102    8635.6328    8536.6240
    344.4000    9060.4922   10865.5361    8577.3799    8643.5859    8534.2246
    344.5000    9063.5654   10868.4365    8572.1230    8657.0713    8532.9609
    344.6000    9073.1240   10868.8242    8572.8125    8661.7549    8529.6768
    344.7000    9077.7646   10865.6572    8578.1982    8669.3984    8534.7822
    344.8000    9072.3174   10873.8066    8597.2402    8679.9775    8538.4180
    344.9000    9063.6484   10870.4170    8593.5859    8682.3262    8533.2979
    345.0000    9059.7891   10878.3477    8598.3477    8691.3545    8527.0488
    345.1000    9062.8887   10862.8525    8604.6709    8691.9365    8528.4385
    345.2000    9064.6426   10858.2314    8607.7432    8678.4043    8546.6924
    345.3000    9067.7979   10867.7607    8607.1055    8678.0713    8550.6172
    345.4000    9059.8691   10870.0977    8613.9863    8668.9238    8553.5811
    345.5000    9073.8682   10904.5947    8611.3848    8666.9062    8553.3750
    345.6000    9085.5293   10916.4072    8611.7549    8681.0547    8573.1367
    345.7000    9105.9814   10910.5068    8614.8281    8682.9854    8580.3574
    345.8000    9109.1934   10897.1895    8616.8174    8683.0605    8578.0586
    345.9000    9113.9170   10895.0352    8620.5293    8688.9521    8581.7598
    346.0000    9119.8359   10903.8359    8630.4111    8690.9180    8586.4385
    346.1000    9127.9590   10916.5791    8644.7881    8693.2275    8583.2295
    346.2000    9134.1572   10925.6045    8658.6494    8684.1543    8575.7197
    346.3000    9139.0781   10941.4365    8666.8496    8683.9453    8587.7041
    346.4000    9138.2744   10951.2891    8671.4961    8700.3057    8587.8584
    346.5000    9152.4512   10949.0195    8666.3525    8707.1182    8584.7764
    346.6000    9165.0059   10943.2705    8663.1934    8710.2852    8579.9854
    346.7000    9172.5713   10941.3164    8667.3066    8708.8545    8580.2646
    346.8000    9177.7109   10942.6074    8674.3584    8711.9355    8604.1240
    346.9000    9183.1260   10933.0352    8679.4795    8716.0039    8622.7227
    347.0000    9186.0703   10927.0801    8681.7070    8704.3047    8627.3809
    347.1000    9188.8232   10925.0693    8696.7559    8698.2041    8635.5352
    347.2000    9196.2988   10908.8291    8703.7100    8680.8389    8649.9766
    347.3000    9198.3320   10900.8525    8715.3506    8691.4834    8651.5547
    347.4000    9197.8076   10897.2500    8707.8213    8688.8018    8665.2500
    347.5000    9192.2539   10891.8301    8709.9238    8699.9570    8673.2197
    347.6000    9201.8896   10884.6523    8704.8125    8705.1484    8685.3633
    347.7000    9204.3574   10880.6562    8705.7148    8713.2461    8688.7480
    347.8000    9191.3164   10879.4424    8711.9111    8719.9512    8691.7480
    347.9000    9184.1484   10875.0547    8710.5137    8710.4102    8707.7422
    348.0000    9195.6650   10868.7148    8711.2559    8706.7686    8721.4521
    348.1000    9206.8916   10874.9834    8708.2764    8694.2207    8731.9824
    348.2000    9199.7480   10882.2500    8700.7041    8687.0947    8735.6191
    348.3000    9198.5566   10875.9580    8695.6523    8685.1680    8750.8584
    348.4000    9216.4043   10863.7363    8692.1455    8686.3086    8747.6260
    348.5000    9213.8564   10855.9395    8696.2090    8692.2500    8750.5693
    348.6000    9209.6768   10852.2754    8704.1582    8701.2461    8763.8613
    348.7000    9215.0771   10855.0273    8696.7100    8712.6953    8762.1270
    348.8000    9219.1543   10866.0820    8685.9551    8717.6387    8764.6025
    348.9000    9208.8105   10868.9287    8677.5918    8726.4541    8772.9648
    349.0000    9207.0000   10853.3643    8688.7148    8715.8164    8780.7627
    349.1000    9213.9287   10852.4629    8693.4658    8712.1895    8789.0625
    349.2000    9205.2725   10834.0059    8698.7480    8716.1602    8795.3105
    349.3000    9196.1865   10831.9648    8703.0898    8712.6133    8793.2881
    349.4000    9199.9082   10830.1826    8708.0537    8711.7432    8807.4580
    349.5000    9211.5850   10850.5742    8704.1621    8716.5078    8812.4609
    349.6000    9219.9805   10867.1504    8703.0850    8727.9297    8803.8115
    349.7000    9215.0732   10872.6084    8710.7021    8713.7871    8801.9814
    349.8000    9217.5859   10903.0225    8725.3711    8717.0430    8806.1836
    349.9000    9229.9287   10913.9395    8726.8828    8715.2920    8791.8418
    350.0000    9238.0068   10936.3945    8731.7139    8722.3672    8790.3057
    350.1000    9242.5107   10940.7100    8752.5850    8710.3564    8789.2764
    350.2000    9237.4834   10958.3867    8750.9258    8690.7520    8789.7646
    350.3000    9243.2441   10974.7451    8749.6826    8701.1709    8795.5293
    350.4000    9262.6572   10987.0674    8760.1670    8704.8301    8782.3271
    350.5000    9270.9453   10994.7480    8756.7061    8707.0918    8761.6523
    350.6000    9263.6611   10997.6299    8769.7666    8707.6748    8761.9238
    350.7000    9262.6416   11001.2920    8769.9014    8698.0381    8769.7754
    350.8000    9249.5645   10992.5205    8774.2744    8709.0420    8766.6963
    350.9000    9243.8369   10997.8682    8775.1299    8717.9844    8769.9141
    351.0000    9247.3428   10988.2500    8779.1514    8728.3271    8771.8730
    351.1000    9251.8164   10979.1553    8787.6211    8734.0186    8769.5273
    351.2000    9244.9209   10970.8203    8792.9229    8736.1055    8773.8730
    351.3000    9243.9033   10974.2988    8796.9043    8744.1025    8783.5693
    351.4000    9250.9150   10968.8730    8806.7627    8749.2793    8771.5234
    351.5000    9245.1025   10971.8564    8802.6377    8747.3838    8766.1328
    351.6000    9241.4844   10976.0273    8804.8643    8751.1543    8765.1318
    351.7000    9241.5986   10993.4424    8791.8193    8764.1455    8766.9727
    351.8000    9245.3164   10999.2559    8784.6836    8775.4736    8761.4600
    351.9000    9247.9502   11001.7822    8790.6826    8772.4795    8759.2207
    352.0000    9264.7021   11004.0742    8793.3643    8771.0664    8748.6758
    352.1000    9278.4336   11001.9824    8801.6104    8777.9229    8766.9834
    352.2000    9286.1816   10993.5938    8811.3955    8774.4619    8761.6689
    352.3000    9296.9004   10994.5635    8813.3945    8785.6328    8769.2363
    352.4000    9301.3135   10991.4043    8807.6992    8787.2373    8777.4785
    352.5000    9293.7900   10999.0820    8806.1201    8783.1484    8773.5830
    352.6000    9289.8770   11008.3945    8797.6299    8782.8232    8783.4268
    352.7000    9282.5225   11003.7461    8795.6953    8784.2168    8788.4697
    352.8000    9284.1572   11006.3359    8803.5918    8782.3076    8783.8223
    352.9000    9283.6982   10988.6572    8797.3418    8771.6504    8782.3496
    353.0000    9280.5088   10987.6123    8800.4863    8778.5752    8780.1299
    353.1000    9276.5713   10988.2754    8789.4824    8784.3896    8780.2148
    353.2000    9279.7871   10993.6670    8776.7334    8792.7480    8787.3896
    353.3000    9280.4775   10980.1943    8786.9502    8795.5576    8788.3643
    353.4000    9278.1445   10968.8623    8791.9824    8790.8174    8784.3477
    353.5000    9283.5400   10975.3018    8804.3271    8790.8936    8771.4502
    353.6000    9282.4414   10985.8350    8812.6396    8795.4756    8770.5205
    353.7000    9261.8594   11007.3262    8826.7305    8794.6582    8771.4980
    353.8000    9261.8545   11013.2363    8820.4443    8788.5166    8775.5000
    353.9000    9259.3252   11031.2305    8816.8584    8783.7236    8786.6719
    354.0000    9262.2100   11033.4072    8802.3623    8778.5332    8787.1982
    354.1000    9264.4961   11027.6338    8796.2793    8776.8428    8773.1006
    354.2000    9267.1318   11040.0557    8800.4795    8776.2100    8766.0557
    354.3000    9263.8691   11038.9795    8803.0225    8767.0049    8773.0049
    354.4000    9258.6748   11041.2041    8806.7295    8765.1621    8787.3682
    354.5000    9255.2900   11026.0449    8813.2725    8769.3779    8796.6729
    354.6000    9253.4932   11028.7539    8825.3984    8773.8350    8807.5586
    354.7000    9244.3145   11027.0898    8822.7354    8773.5664    8812.2803
    354.8000    9247.7148   11034.0869    8816.3867    8761.4395    8813.4707
    354.9000    9241.2451   11034.1416    8824.5459    8744.3770    8832.0410
    355.0000    9241.8418   11033.0508    8831.2148    8723.4648    8844.3760
    355.1000    9249.3086   11045.6689    8816.0039    8724.0410    8852.4199
    355.2000    9244.8232   11049.2852    8798.9463    8729.1494    8861.1201
    355.3000    9236.5723   11053.5371    8793.6641    8731.5508    8856.6807
    355.4000    9227.5625   11050.8750    8799.9980    8725.6523    8860.7754
    355.5000    9224.9258   11053.3174    8805.3955    8720.5850    8872.9600
    355.6000    9220.7881   11058.7568    8816.4395    8727.8086    8879.4893
    355.7000    9229.7998   11059.8887    8819.6357    8724.8760    8887.2676
    355.8000    9226.2686   11054.3887    8834.0449    8726.4307    8890.2588
    355.9000    9235.7227   11055.0625    8822.4727    8722.9023    8902.9795
    356.0000    9250.9307   11053.6992    8805.8105    8717.7451    8909.7393
    356.1000    9260.8789   11058.1963    8808.3242    8710.6592    8894.1318
    356.2000    9268.7207   11053.9980    8816.6484    8708.4092    8887.5645
    356.3000    9278.3447   11063.1201    8811.6992    8699.8828    8883.6865
    356.4000    9301.0605   11069.8701    8813.8223    8695.8984    8878.2461
    356.5000    9313.2148   11072.9023    8821.1445    8690.1553    8873.7725
    356.6000    9323.1914   11089.6914    8831.3770    8678.1143    8869.6465
    356.7000    9327.9736   11107.5068    8814.4727    8668.6650    8872.5801
    356.8000    9324.2510   11123.7334    8812.0664    8659.6582    8873.5508
    356.9000    9324.0801   11129.2637    8810.4570    8657.1836    8874.2148
    357.0000    9338.3027   11140.1494    8810.9072    8658.3242    8873.6074
    357.1000    9330.4385   11153.9863    8808.1689    8657.5488    8877.3730
    357.2000    9316.7930   11152.4766    8812.5156    8654.4951    8867.2432
    357.3000    9309.0020   11138.6084    8827.2588    8652.0498    8863.9316
    357.4000    9300.1816   11138.2764    8836.3447    8651.8418    8872.4824
    357.5000    9298.2744   11139.1680    8839.8271    8652.8018    8888.4824
    357.6000    9300.3984   11137.4580    8837.6689    8654.7646    8888.1992
    357.7000    9296.4355   11155.5713    8852.9287    8658.5537    8883.9961
    357.8000    9289.5566   11160.8662    8849.1270    8666.7402    8893.5332
    357.9000    9289.1738   11152.0537    8860.2812    8677.9307    8897.7705
    358.0000    9289.3398   11156.5068    8870.6670    8681.5215    8908.7676
    358.1000    9298.6211   11150.3057    8874.2549    8681.1836    8911.0723
    358.2000    9303.1572   11151.0146    8902.2979    8676.8184    8907.8730
    358.3000    9308.1807   11149.4893    8899.9297    8678.0361    8917.5361
    358.4000    9305.2227   11162.2949    8897.9736    8677.8525    8929.5293
    358.5000    9312.6152   11174.3926    8893.2412    8672.2412    8943.3584
    358.6000    9319.3584   11197.5166    8896.0791    8677.3799    8943.9502
    358.7000    9331.5889   11217.0615    8884.4668    8697.5010    8951.6338
    358.8000    9345.6602   11232.2949    8889.2305    8695.0205    8951.1025
    358.9000    9356.0801   11241.6689    8898.7422    8692.5547    8951.3525
    359.0000    9350.4541   11246.6787    8909.2119    8696.6758    8941.7461
    359.1000    9345.7188   11260.2705    8924.8623    8701.0107    8934.8232
    359.2000    9347.1289   11267.1729    8926.7559    8701.2559    8923.2881
    359.3000    9350.4746   11272.0000    8916.8740    8717.7617    8923.8125
    359.4000    9354.2129   11272.5430    8925.6328    8723.8115    8927.9912
    359.5000    9347.6562   11261.3311    8932.5459    8723.5850    8929.8115
    359.6000    9345.1240   11261.4980    8941.4766    8727.7236    8943.1338
    359.7000    9334.8818   11265.3057    8944.7334    8730.6445    8945.9980
    359.8000    9340.8193   11271.5420    8950.0146    8738.2139    8952.5977
    359.9000    9342.1260   11263.1104    8958.3359    8752.9727    8955.1533
    360.0000    9350.4102   11265.4463    8959.2139    8759.7041    8957.0977
    360.1000    9354.3584   11279.4102    8966.7412    8767.0986    8961.8555
    360.2000    9364.3662   11288.2871    8969.4775    8768.6885    8948.6709
    360.3000    9368.1182   11273.0449    8966.4014    8766.0869    8956.6475
    360.4000    9372.3262   11281.0459    8957.0137    8756.2666    8966.7822
    360.5000    9372.0918   11279.6064    8965.4082    8741.1855    8963.3262
    360.6000    9366.0225   11268.2412    8977.5645    8737.5469    8963.5322
    360.7000    9368.0605   11266.8613    8969.0312    8733.2412    8972.4414
    360.8000    9370.7734   11279.1992    8958.0498    8735.3818    8982.3633
    360.9000    9379.9199   11273.9834    8936.9229    8722.4062    8983.8643
    361.0000    9378.7354   11266.8711    8915.5312    8728.0430    8984.8613
    361.1000    9366.5938   11284.4189    8924.4131    8724.2686    8990.9219
    361.2000    9358.7881   11291.2568    8937.1865    8726.7705    8980.2314
    361.3000    9359.5098   11295.5684    8942.5166    8741.5234    8989.9609
    361.4000    9370.3369   11304.4795    8941.2266    8750.9023    8991.6377
    361.5000    9365.9180   11308.1992    8948.6504    8747.4023    9003.8604
    361.6000    9369.1006   11304.3262    8935.7646    8750.8359    9007.5820
    361.7000    9358.9678   11286.8184    8932.8027    8747.6055    9009.5859
    361.8000    9351.6074   11272.9697    8942.5039    8760.3164    8999.0918
    361.9000    9354.1094   11279.8271    8952.3350    8765.4316    8998.8672
    362.0000    9351.4043   11286.4307    8955.2051    8769.1572    8992.6152
    362.1000    9348.0107   11293.1377    8943.1201    8776.5166    8988.3740
    362.2000    9345.6963   11295.9248    8933.9395    8775.1611    9001.7109
    362.3000    9343.0752   11299.9912    8936.7969    8765.8682    9019.1729
    362.4000    9333.5527   11326.1162    8933.1670    8767.4326    9022.9795
    362.5000    9340.2373   11341.4873    8936.2393    8772.5420    9029.7871
    362.6000    9350.5518   11337.6064    8943.9072    8772.5244    9038.7959
    362.7000    9359.1035   11336.2324    8949.7979    8783.2432    9028.0205
    362.8000    9351.5498   11344.6797    8957.8916    8791.6289    9038.6406
    362.9000    9345.6270   11351.4580    8962.5859    8802.7207    9043.6025
    363.0000    9346.5361   11353.9805    8967.6875    8803.8242    9038.1367
    363.1000    9363.7900   11363.0234    8975.9746    8804.4648    9037.9453
    363.2000    9375.3867   11389.1826    8978.7480    8812.2236    9040.4697
    363.3000    9393.6328   11390.5664    8981.4678    8805.2900    9031.7871
    363.4000    9415.4922   11377.7861    8984.2588    8809.1475    9028.4434
    363.5000    9429.7842   11376.0791    8986.6611    8820.7451    9026.8789
    363.6000    9432.0586   11386.7568    8990.4072    8832.1289    9037.2666
    363.7000    9444.8125   11386.6680    9000.6982    8839.2637    9032.8193
    363.8000    9429.5586   11378.1084    9003.6807    8834.3994    9038.7119
    363.9000    9419.6992   11375.7305    9005.2119    8839.4209    9040.6895
    364.0000    9417.9424   11387.7861    9019.3037    8845.2852    9051.2568
    364.1000    9422.6045   11385.6016    9034.5225    8841.9844    9043.1895
    364.2000    9422.4043   11384.7197    9041.7637    8843.8076    9048.8789
    364.3000    9436.1396   11381.9023    9042.8672    8845.7070    9043.1758
    364.4000    9438.1045   11372.7461    9035.4834    8854.9893    9045.7930
    364.5000    9447.0244   11366.8145    9034.0010    8861.5957    9035.7324
    364.6000    9444.8086   11368.6953    9043.8193    8870.4756    9046.4795
    364.7000    9454.1758   11362.4287    9051.8203    8870.0293    9047.1885
    364.8000    9454.1455   11353.5459    9033.8311    8878.5537    9052.9912
    364.9000    9463.2012   11340.8584    9024.6914    8882.6631    9037.5859
    365.0000    9486.9453   11342.8457    9030.7852    8886.0869    9028.3125
    365.1000    9509.6123   11342.6758    9032.6953    8894.9697    9010.2139
    365.2000    9518.1025   11344.6045    9023.8945    8889.2988    9006.3711
    365.3000    9526.6396   11342.2676    9027.5918    8880.0420    9014.8320
    365.4000    9517.1953   11342.6211    9022.8564    8883.6318    9027.8701
    365.5000    9528.9854   11356.5273    9030.2207    8877.6084    9013.8047
    365.6000    9542.0352   11362.0205    9021.1885    8871.9971    9010.9141
    365.7000    9546.2920   11362.2520    9013.0303    8865.7568    9009.3730
    365.8000    9550.1240   11366.7383    9025.1230    8875.4092    8999.4316
    365.9000    9549.0996   11384.2949    9022.8877    8883.6016    9018.6074
    366.0000    9556.9668   11382.9746    9026.9824    8906.6895    9026.6855
    366.1000    9557.3701   11359.9268    9033.3975    8915.2100    9015.9980
    366.2000    9562.6592   11368.3477    9039.3154    8910.3701    9006.0742
    366.3000    9562.2295   11377.7617    9027.7920    8898.9004    9015.5371
    366.4000    9569.0186   11395.1172    9023.7139    8908.9004    9029.9199
    366.5000    9570.0371   11422.9727    9017.8877    8915.5811    9033.1631
    366.6000    9574.3467   11428.2148    9006.3809    8911.9229    9035.3682
    366.7000    9564.4512   11431.7178    9004.8037    8918.3828    9033.7871
    366.8000    9565.8867   11440.1963    9004.8008    8945.3008    9031.3047
    366.9000    9571.7607   11443.9492    9010.0332    8959.0557    9032.3066
    367.0000    9577.4209   11451.5371    9003.9707    8969.5273    9030.4541
    367.1000    9587.6172   11454.4980    9002.1836    8979.4150    9028.5605
    367.2000    9595.7666   11465.5381    9003.0176    8978.8242    9027.9854
    367.3000    9609.2305   11461.4307    8991.3379    8978.4521    9038.5449
    367.4000    9612.1289   11471.1182    8981.2666    8979.9756    9035.6025
    367.5000    9602.0664   11464.7012    8974.7715    8981.2520    9034.9199
    367.6000    9595.6699   11465.2666    8969.3867    8968.2881    9038.0693
    367.7000    9592.7432   11466.7002    8984.5635    8968.5791    9038.8730
    367.8000    9594.5117   11464.9678    8985.1006    8965.8623    9037.3701
    367.9000    9615.5332   11469.9648    8986.4082    8951.4863    9034.9854
    368.0000    9629.7637   11464.1826    8996.2695    8949.3018    9034.4834
    368.1000    9624.1963   11458.8252    8993.6318    8942.2031    9045.2383
    368.2000    9632.5293   11463.9639    8985.1055    8951.4834    9046.9258
    368.3000    9633.4453   11468.5312    8971.3662    8950.9980    9051.9893
    368.4000    9644.1445   11475.6924    8968.5859    8957.8887    9057.4688
    368.5000    9636.6533   11473.1650    8980.5771    8960.5225    9066.0693
    368.6000    9628.7129   11477.1729    8983.3574    8969.3398    9059.9385
    368.7000    9626.9141   11473.6387    8985.8135    8965.5010    9063.3398
    368.8000    9635.7354   11460.3975    8975.5430    8964.2197    9069.3584
    368.9000    9644.3018   11430.4443    8968.4209    8965.4492    9069.4229
    369.0000    9643.8516   11421.1748    8966.9834    8970.0303    9073.0713
    369.1000    9660.4424   11418.4336    8964.2754    8968.4414    9076.2666
    369.2000    9671.6982   11405.2949    8972.9854    8967.5420    9086.1260
    369.3000    9681.4561   11413.6934    8965.5361    8965.3662    9098.9980
    369.4000    9683.8799   11438.4395    8954.9238    8973.2363    9109.5088
    369.5000    9688.5625   11448.4053    8962.5205    8966.1406    9127.5176
    369.6000    9696.7988   11446.0625    8961.4639    8958.9355    9146.3916
    369.7000    9696.0977   11440.7041    8967.5068    8947.3164    9157.3643
    369.8000    9696.3057   11443.4023    8973.4150    8949.0938    9166.2812
    369.9000    9697.2441   11446.7295    8970.9199    8959.3037    9165.5645
    370.0000    9711.7852   11452.8887    8970.3037    8958.3320    9176.2373
    370.1000    9706.2002   11459.7178    8968.2666    8955.3057    9177.1885
    370.2000    9709.4326   11459.0371    8962.2949    8974.4238    9174.5635
    370.3000    9713.6484   11459.1621    8971.0088    8981.6943    9173.8496
    370.4000    9716.9541   11462.4004    8968.6445    8978.2744    9165.3008
    370.5000    9718.5791   11465.4766    8964.8018    8988.5957    9161.1514
    370.6000    9721.9795   11474.0947    8977.1816    8997.5586    9172.8291
    370.7000    9725.0400   11468.1064    8973.3662    8996.6689    9211.6855
    370.8000    9716.6787   11465.7676    8979.9883    8993.9023    9218.6641
    370.9000    9713.4551   11454.9062    8987.4443    9007.9346    9234.0195
    371.0000    9722.1289   11448.3350    8993.3750    9026.2930    9253.2852
    371.1000    9723.9395   11440.8242    8994.5928    9025.4199    9271.0693
    371.2000    9730.8789   11436.9316    8994.8086    9010.8701    9293.7354
    371.3000    9724.2832   11450.1270    8969.6338    8994.8311    9307.9463
    371.4000    9714.3662   11468.0049    8955.3506    8988.7959    9316.6631
    371.5000    9730.0977   11486.8105    8944.6016    8984.4922    9328.2188
    371.6000    9732.7256   11505.8867    8934.8193    8983.0752    9337.8926
    371.7000    9726.2568   11513.1768    8927.4229    8991.4824    9361.6260
    371.8000    9730.7266   11517.8369    8929.4238    9003.7109    9368.5293
    371.9000    9718.0879   11527.9424    8927.4238    9013.3643    9371.9980
    372.0000    9719.5459   11548.0830    8918.2246    9013.0137    9354.5107
    372.1000    9730.4541   11561.2314    8909.0996    9000.9521    9335.4102
    372.2000    9745.3682   11575.3203    8905.5928    9013.9648    9327.4785
    372.3000    9752.1289   11564.1416    8899.0537    9024.5615    9326.1133
    372.4000    9762.7100   11567.2520    8897.6523    9020.3994    9321.6338
    372.5000    9765.5996   11560.3760    8889.3799    9028.8105    9333.6885
    372.6000    9785.8477   11550.0811    8890.1650    9032.6426    9342.0547
    372.7000    9796.9355   11537.1299    8901.6055    9033.3428    9345.3066
    372.8000    9800.2822   11538.4014    8900.3135    9029.2529    9342.7695
    372.9000    9803.1436   11533.8076    8910.1191    9040.6064    9347.6982
    373.0000    9809.9873   11544.3867    8916.3809    9043.4639    9341.6953
    373.1000    9808.8008   11550.7812    8932.1260    9066.5020    9332.0020
    373.2000    9819.4609   11561.0195    8941.0684    9077.5488    9320.1992
    373.3000    9830.2959   11561.5254    8957.1455    9073.4414    9333.2861
    373.4000    9839.3057   11569.4365    8961.5381    9066.5557    9330.1875
    373.5000    9860.6016   11577.7314    8979.8994    9069.4307    9341.2100
    373.6000    9884.2256   11592.2197    8981.9131    9077.8633    9350.8564
    373.7000    9896.5742   11595.0391    8981.7500    9084.9990    9341.0107
    373.8000    9909.1709   11593.7178    8979.9268    9083.6240    9332.1689
    373.9000    9932.7725   11592.0811    8987.7861    9083.3359    9337.6338
    374.0000    9960.4746   11590.0537    8990.8955    9070.9297    9341.8838
    374.1000    9979.1455   11573.2109    9002.3145    9080.6826    9342.0430
    374.2000    9992.9238   11579.1787    9007.9678    9078.8271    9341.7979
    374.3000    9992.2803   11589.2627    9000.5498    9090.7188    9333.4893
    374.4000   10004.3057   11601.4072    9011.1621    9088.1240    9327.9072
    374.5000   10009.3760   11602.6289    9018.7246    9095.5186    9329.7041
    374.6000   10026.5371   11616.4541    9012.8818    9088.7275    9337.6201
    374.7000   10043.2393   11632.1602    9001.9785    9077.9990    9351.1113
    374.8000   10043.0352   11637.5449    9014.3525    9081.3447    9358.2441
    374.9000   10057.2764   11646.7188    9019.5918    9085.4414    9364.5645
    375.0000   10054.2695   11646.9648    9021.8301    9072.3613    9374.3008
    375.1000   10069.9756   11644.7041    9022.6865    9069.5586    9381.9541
    375.2000   10089.5762   11652.1309    9040.3896    9083.2773    9393.3350
    375.3000   10080.4287   11654.7979    9054.0068    9080.6143    9395.6230
    375.4000   10078.2188   11670.8516    9073.5459    9085.9150    9404.0947
    375.5000   10075.1123   11686.2139    9075.7803    9081.4990    9409.0811
    375.6000   10084.3145   11701.8945    9087.2520    9077.1611    9405.4062
    375.7000   10084.5674   11704.7295    9095.5195    9067.1289    9403.5859
    375.8000   10071.2275   11715.8936    9101.7822    9070.6826    9402.4922
    375.9000   10060.7627   11726.5830    9100.2744    9063.0918    9411.8818
    376.0000   10056.3633   11720.6494    9116.7139    9061.5889    9421.8926
    376.1000   10041.4238   11714.9326    9119.9023    9053.0723    9430.1982
    376.2000   10028.8887   11715.2988    9128.6768    9050.3428    9425.5830
    376.3000   10040.3105   11720.0811    9130.4766    9055.0635    9415.4385
    376.4000   10054.8545   11721.8398    9130.7822    9057.9756    9417.2207
    376.5000   10066.7334   11728.6963    9133.5693    9080.6631    9427.6211
    376.6000   10066.6211   11754.6387    9127.6611    9078.2578    9423.9912
    376.7000   10052.3945   11758.9951    9117.8008    9074.1025    9420.5918
    376.8000   10057.7764   11760.4629    9115.8975    9064.9287    9409.8604
    376.9000   10050.0420   11780.7100    9115.3359    9061.3457    9410.4326
    377.0000   10045.5537   11778.5225    9098.0137    9058.4688    9404.4893
    377.1000   10047.3008   11776.7490    9096.8877    9064.4248    9407.6973
    377.2000   10045.7246   11777.2168    9099.4580    9062.8916    9405.5820
    377.3000   10046.3613   11783.8066    9106.2178    9062.1953    9404.6484
    377.4000   10054.3789   11791.1621    9109.9209    9063.9287    9408.7510
    377.5000   10063.5713   11786.4238    9112.6641    9080.1768    9412.9658
    377.6000   10057.9443   11783.9746    9119.5068    9082.2305    9416.2676
    377.7000   10050.9873   11795.6826    9118.4072    9083.5020    9426.0518
    377.8000   10047.9287   11816.0762    9120.6680    9075.0000    9437.2354
    377.9000   10046.0830   11815.4141    9118.1172    9072.0176    9451.5322
    378.0000   10030.8301   11816.3232    9120.5752    9079.8096    9462.2500
    378.1000   10029.8613   11819.6338    9125.9551    9081.9990    9464.8135
    378.2000   10036.0986   11835.1230    9128.1670    9093.1982    9463.5137
    378.3000   10055.3936   11840.5088    9123.2100    9102.8350    9456.0723
    378.4000   10058.7080   11844.4414    9120.9883    9100.9980    9473.8115
    378.5000   10063.2676   11841.4600    9120.8203    9102.1426    9473.7861
    378.6000   10075.9199   11847.5137    9126.8857    9098.3398    9474.9619
    378.7000   10077.1992   11845.2178    9141.4795    9098.8857    9472.8555
    378.8000   10082.3623   11858.2686    9144.6650    9108.9990    9475.3340
    378.9000   10085.3838   11872.2637    9144.7119    9120.6318    9478.4521
    379.0000   10078.7764   11881.2207    9156.9541    9130.8545    9480.8613
    379.1000   10083.8389   11895.3311    9162.7314    9148.3652    9471.3389
    379.2000   10098.3984   11893.3330    9168.9854    9164.5576    9471.3799
    379.3000   10103.1250   11903.3174    9173.6123    9185.7695    9470.5977
    379.4000   10104.0371   11905.8018    9182.2061    9196.3350    9471.9424
    379.5000   10110.2568   11884.3916    9200.7178    9203.4414    9468.3213
    379.6000   10114.3887   11884.7949    9201.6738    9200.2051    9468.7881
    379.7000   10120.2314   11897.2891    9203.6182    9196.7207    9468.1514
    379.8000   10123.7021   11889.7422    9197.8760    9197.9980    9460.5508
    379.9000   10119.1387   11892.5234    9187.3145    9198.0420    9459.4062
    380.0000   10122.7520   11899.7461    9180.9248    9194.1172    9460.4756
    380.1000   10116.6738   11907.3584    9170.3711    9198.1465    9466.6455
    380.2000   10119.1738   11915.7334    9162.9229    9197.3594    9472.2666
    380.3000   10111.5625   11921.9863    9159.0117    9194.6426    9493.8418
    380.4000   10112.9922   11936.2441    9166.2666    9204.1270    9511.2676
    380.5000   10112.6230   11946.2734    9166.9951    9210.0547    9508.6699
    380.6000   10123.5830   11938.1367    9174.0010    9214.3857    9515.8350
    380.7000   10120.8545   11935.5273    9185.5068    9215.1943    9529.3438
    380.8000   10124.5068   11945.7891    9196.1514    9213.2686    9537.1201
    380.9000   10134.8213   11956.3477    9204.2480    9216.9092    9530.1924
    381.0000   10146.2920   11974.0137    9203.6543    9208.8838    9530.6113
    381.1000   10155.2510   11971.9121    9210.0137    9206.4219    9524.1074
    381.2000   10153.5742   11971.4736    9217.9014    9206.7861    9521.8262
    381.3000   10167.9062   11981.2705    9218.2617    9211.7148    9508.1797
    381.4000   10177.3291   11984.1787    9219.1797    9205.7627    9516.1445
    381.5000   10175.4004   11993.1582    9228.0244    9204.6113    9510.0674
    381.6000   10176.7539   11988.1934    9242.0869    9202.6680    9487.6602
    381.7000   10171.5801   11988.6338    9248.0459    9190.2197    9485.2158
    381.8000   10176.2266   11991.5742    9239.7588    9194.7334    9489.5107
    381.9000   10185.1992   12001.4619    9249.2881    9205.8828    9480.4941
    382.0000   10183.6201   11996.8730    9257.7744    9209.0869    9488.9375
    382.1000   10204.3291   12002.7100    9267.0752    9211.6270    9497.5010
    382.2000   10209.3516   12009.2520    9272.7822    9204.5889    9501.0947
    382.3000   10203.4951   12007.8242    9279.1748    9204.9766    9504.0684
    382.4000   10201.7432   12008.4912    9274.2139    9204.2002    9497.6895
    382.5000   10192.6543   11999.3994    9281.7178    9215.6016    9493.0820
    382.6000   10195.9316   12003.9961    9289.2119    9206.3008    9478.8447
    382.7000   10190.5303   12014.5996    9278.1738    9202.0127    9466.6396
    382.8000   10180.9980   12016.9443    9282.4082    9198.4600    9454.5303
    382.9000   10178.4492   12014.0684    9286.5508    9199.5986    9451.5498
    383.0000   10180.4395   12017.0693    9284.8936    9198.4395    9448.1328
    383.1000   10197.3242   12016.2451    9287.3574    9186.7793    9467.0820
    383.2000   10207.7363   12012.2803    9297.3525    9187.8789    9473.6338
    383.3000   10210.8330   12020.6201    9304.9980    9192.1055    9473.2451
    383.4000   10210.5146   12035.2881    9313.4580    9190.0508    9468.6631
    383.5000   10218.6172   12042.8936    9315.8193    9185.4980    9466.4668
    383.6000   10214.1689   12045.2627    9324.1885    9181.0586    9470.5254
    383.7000   10213.9727   12047.5186    9340.9424    9175.6260    9479.6729
    383.8000   10210.1699   12044.6113    9354.9199    9182.8086    9479.5537
    383.9000   10212.3838   12032.2012    9372.8506    9177.3037    9486.7383
    384.0000   10209.8984   12028.6104    9371.8115    9173.4141    9501.5361
    384.1000   10216.8984   12031.6631    9367.4834    9189.0684    9494.5205
    384.2000   10215.6006   12043.6367    9365.3750    9206.1436    9501.9131
    384.3000   10218.2725   12052.9727    9373.5986    9205.9600    9505.7422
    384.4000   10219.8867   12051.2520    9382.3701    9217.9512    9508.2539
    384.5000   10218.0898   12058.5605    9394.0615    9230.0928    9509.1084
    384.6000   10226.4287   12060.6123    9406.7031    9237.7041    9529.4199
    384.7000   10208.0742   12056.2412    9417.2305    9240.4971    9543.5820
    384.8000   10193.9102   12060.7520    9414.7236    9250.0850    9554.6045
    384.9000   10178.2979   12069.6514    9404.9873    9256.9951    9554.2871
    385.0000   10172.7617   12060.9932    9393.6523    9247.3809    9539.7881
    385.1000   10168.7764   12054.7637    9391.7256    9248.7695    9547.4395
    385.2000   10157.7451   12056.4111    9405.7627    9248.3408    9558.8711
    385.3000   10145.7188   12062.6797    9402.4697    9239.4512    9563.8398
    385.4000   10143.8750   12073.2363    9395.7305    9227.8613    9568.3682
    385.5000   10142.9180   12090.3643    9404.6055    9226.0508    9569.2490
    385.6000   10147.4102   12097.5039    9405.9609    9231.5820    9576.5205
    385.7000   10141.4541   12099.8037    9415.3262    9238.6494    9579.5234
    385.8000   10138.4268   12074.0205    9432.2646    9238.6543    9584.2422
    385.9000   10139.4355   12077.5625    9438.9209    9255.2051    9585.7012
    386.0000   10142.1309   12095.4014    9450.6201    9254.9287    9585.5059
    386.1000   10151.5000   12099.4385    9468.4629    9254.0283    9584.5674
    386.2000   10150.4922   12097.7568    9475.9609    9262.4619    9591.1973
    386.3000   10149.3730   12104.0947    9478.1172    9273.6504    9593.3477
    386.4000   10149.8105   12114.0352    9486.0439    9291.9619    9598.9775
    386.5000   10166.6367   12120.8701    9489.9062    9300.5029    9621.6309
    386.6000   10190.5303   12110.0400    9497.5225    9289.7578    9630.3496
    386.7000   10193.8633   12096.0352    9495.7334    9278.0244    9651.7393
    386.8000   10201.9189   12108.3301    9494.0127    9271.1748    9674.1289
    386.9000   10203.5684   12117.2266    9496.3184    9278.0322    9669.1855
    387.0000   10199.1855   12118.0898    9508.0186    9279.3174    9671.5547
    387.1000   10197.7432   12105.8633    9521.5547    9281.8730    9664.6104
    387.2000   10188.6641   12097.8887    9533.9209    9274.1611    9668.3164
    387.3000   10183.6553   12109.0254    9532.7773    9259.9346    9659.0322
    387.4000   10169.8330   12116.4951    9542.3516    9261.7881    9656.1064
    387.5000   10157.1611   12111.9609    9545.6445    9250.2188    9653.3936
    387.6000   10149.6064   12117.6416    9548.4619    9245.3877    9642.7529
    387.7000   10149.5859   12105.3486    9563.3428    9235.7852    9641.4326
    387.8000   10154.4141   12103.5811    9572.0117    9242.0459    9632.5693
    387.9000   10155.6299   12090.8916    9566.8340    9237.6299    9630.5625
    388.0000   10152.6250   12088.0938    9556.3125    9223.7168    9639.4199
    388.1000   10163.7920   12076.0947    9559.7109    9217.9365    9644.5762
    388.2000   10160.8701   12064.6768    9567.6904    9219.5371    9651.8545
    388.3000   10145.6162   12075.8613    9572.3105    9214.6807    9655.0303
    388.4000   10150.9258   12080.5068    9599.7373    9209.6426    9656.7275
    388.5000   10166.3174   12086.3291    9603.5732    9210.4502    9662.5273
    388.6000   10162.1641   12092.3125    9615.6738    9202.3574    9664.8350
    388.7000   10158.8662   12093.2725    9626.9932    9199.9268    9684.0020
    388.8000   10155.0371   12103.1611    9629.1260    9223.0488    9685.0957
    388.9000   10160.9482   12120.9072    9629.4834    9238.1553    9698.9551
    389.0000   10159.4004   12127.3584    9619.7158    9251.3057    9708.8975
    389.1000   10164.6709   12140.3232    9613.3789    9279.4062    9714.6602
    389.2000   10174.8291   12141.6699    9619.1162    9296.3633    9706.9180
    389.3000   10192.3799   12138.1084    9607.8760    9296.5547    9701.1621
    389.4000   10195.9951   12137.7041    9607.5410    9292.8193    9691.1865
    389.5000   10213.7852   12143.0684    9606.7314    9287.6211    9694.3984
    389.6000   10235.5811   12148.3574    9605.0693    9294.9873    9710.5762
    389.7000   10248.5088   12175.8691    9596.1504    9306.4639    9705.1016
    389.8000   10262.7393   12189.3525    9606.5469    9320.8896    9695.4336
    389.9000   10266.2549   12197.2588    9621.8496    9336.9365    9687.5957
    390.0000   10260.7568   12207.0332    9622.9531    9332.2119    9687.2285
    390.1000   10260.6494   12223.1738    9617.8955    9335.2354    9701.4150
    390.2000   10258.1514   12232.8428    9616.2393    9332.3506    9695.3838
    390.3000   10259.7021   12229.6572    9615.1650    9333.9033    9684.2852
    390.4000   10252.6895   12223.3682    9627.3057    9340.4297    9692.9297
    390.5000   10254.4629   12225.4229    9640.1191    9352.1143    9690.1201
    390.6000   10256.0859   12223.5791    9653.1797    9366.2432    9705.8506
    390.7000   10264.2646   12239.1934    9644.7041    9391.9697    9720.2891
    390.8000   10271.0791   12248.2129    9659.5820    9399.1777    9715.6738
    390.9000   10291.8477   12260.3750    9668.9785    9399.7705    9716.3789
    391.0000   10300.3184   12260.7432    9680.2354    9397.4668    9714.6016
    391.1000   10307.7617   12242.0957    9698.0293    9400.5703    9713.8516
    391.2000   10308.8086   12238.2773    9708.7178    9390.7725    9709.1260
    391.3000   10295.2109   12241.7744    9712.9648    9387.2080    9698.4385
    391.4000   10294.5996   12239.2539    9712.6143    9378.7051    9692.2549
    391.5000   10300.7617   12236.8857    9717.8477    9376.0547    9677.7393
    391.6000   10310.9912   12233.2295    9727.8525    9367.3350    9668.5303
    391.7000   10313.8193   12229.2197    9733.0254    9368.0537    9675.0420
    391.8000   10302.8037   12225.1045    9730.5439    9369.5488    9689.5381
    391.9000   10309.4463   12226.6201    9730.1299    9383.5635    9702.9580
    392.0000   10295.9062   12217.5479    9749.4512    9387.2656    9699.0547
    392.1000   10296.2871   12228.4385    9750.8711    9396.2607    9681.0107
    392.2000   10291.3555   12221.6631    9755.2480    9404.2383    9666.3340
    392.3000   10294.6191   12238.7412    9753.4795    9393.7305    9670.7539
    392.4000   10301.1807   12233.5273    9769.3145    9390.3262    9694.4629
    392.5000   10292.9707   12236.2295    9778.3828    9401.9766    9704.4990
    392.6000   10284.0010   12244.5488    9795.6650    9418.2822    9706.0518
    392.7000   10285.5459   12249.8867    9802.6367    9426.5879    9696.4453
    392.8000   10287.3457   12250.4170    9788.4258    9434.6338    9691.8135
    392.9000   10287.4199   12256.2441    9784.8105    9444.6475    9690.9961
    393.0000   10285.5703   12255.8740    9789.6055    9455.9707    9693.6953
    393.1000   10291.4150   12273.6064    9794.5371    9465.5576    9699.8887
    393.2000   10291.8115   12269.9287    9801.9248    9474.8252    9696.9180
    393.3000   10301.4980   12279.0732    9810.5205    9478.1855    9694.1992
    393.4000   10311.6787   12263.8164    9815.2939    9474.6553    9685.2021
    393.5000   10306.1611   12245.5947    9809.8428    9481.4561    9674.1338
    393.6000   10298.4023   12229.7314    9825.3262    9496.7510    9676.3604
    393.7000   10313.8633   12213.3076    9834.4648    9503.5752    9673.9990
    393.8000   10322.8750   12206.1631    9829.8750    9503.6514    9677.8525
    393.9000   10311.0830   12199.9453    9830.2852    9514.8486    9684.9951
    394.0000   10303.6787   12199.9150    9836.8369    9515.0332    9693.1807
    394.1000   10309.3662   12217.8662    9840.0508    9523.0898    9711.7666
    394.2000   10315.8623   12214.1387    9849.5693    9537.2363    9709.3496
    394.3000   10321.2520   12231.4922    9871.7568    9536.3271    9701.5146
    394.4000   10320.9170   12237.8076    9880.4395    9533.1738    9704.3682
    394.5000   10329.0732   12260.5459    9890.0703    9531.3516    9700.5664
    394.6000   10327.0918   12266.3516    9890.3711    9531.4473    9715.0186
    394.7000   10318.9023   12262.3105    9898.8262    9519.8242    9728.1006
    394.8000   10313.1016   12272.5859    9894.7666    9506.9463    9737.4014
    394.9000   10329.8828   12269.7480    9894.0557    9492.6953    9744.3438
    395.0000   10333.5947   12261.4102    9904.3545    9492.2891    9753.5986
    395.1000   10341.3330   12272.7148    9889.3877    9495.1895    9757.3672
    395.2000   10339.9951   12290.2666    9891.3330    9490.5859    9758.9697
    395.3000   10319.8389   12288.6787    9894.9238    9491.9873    9775.9697
    395.4000   10308.0049   12296.8936    9901.4463    9491.2139    9784.7266
    395.5000   10305.1641   12289.4023    9919.5498    9502.7852    9786.8545
    395.6000   10312.9248   12283.5752    9933.7061    9506.6201    9787.7607
    395.7000   10313.6934   12269.5322    9939.5459    9514.6064    9787.1455
    395.8000   10323.8887   12293.2676    9936.3057    9527.4688    9792.0195
    395.9000   10317.7676   12315.2773    9941.4766    9538.5176    9800.8896
    396.0000   10317.9170   12321.3232    9937.7549    9552.0449    9794.4873
    396.1000   10316.4893   12307.0498    9935.5664    9568.8164    9784.0195
    396.2000   10322.1201   12298.1445    9941.8262    9581.9824    9777.8066
    396.3000   10333.9287   12313.2949    9943.3682    9589.3398    9779.2520
    396.4000   10345.9941   12325.1953    9957.2979    9607.6934    9790.3369
    396.5000   10365.5166   12318.5830    9964.5684    9609.8301    9794.6885
    396.6000   10380.2773   12334.0205    9972.1523    9595.5557    9810.4111
    396.7000   10382.4795   12350.2979    9977.2686    9578.4365    9829.7305
    396.8000   10387.4014   12351.0605    9982.1924    9586.2510    9830.1260
    396.9000   10403.2666   12343.5820    9978.4551    9584.7236    9822.6631
    397.0000   10397.7939   12361.7246    9982.3496    9591.1104    9817.6133
    397.1000   10400.7734   12380.8750    9981.4541    9587.1523    9808.3867
    397.2000   10401.8604   12387.3613    9985.9980    9576.5684    9809.1133
    397.3000   10410.6006   12403.7080    9975.1826    9572.0195    9813.1865
    397.4000   10409.4512   12414.3262    9979.6855    9576.2070    9812.7773
    397.5000   10408.7109   12449.8398    9971.0713    9568.7002    9833.7666
    397.6000   10403.4912   12463.0088    9970.3545    9568.6826    9842.6787
    397.7000   10401.5742   12454.8232    9955.2676    9584.4141    9842.6240
    397.8000   10405.0713   12453.4951    9961.9512    9584.0332    9835.7080
    397.9000   10410.6133   12443.7861    9963.7041    9589.3174    9828.2178
    398.0000   10393.8945   12430.9746    9950.6006    9605.0557    9827.4746
    398.1000   10396.5381   12422.2861    9954.9453    9607.9492    9816.6377
    398.2000   10388.2148   12412.8447    9959.4141    9602.3721    9828.9609
    398.3000   10377.1016   12393.7393    9966.3066    9609.4004    9829.3389
    398.4000   10386.2500   12391.4541    9973.5508    9608.9365    9823.2100
    398.5000   10380.5107   12393.9570    9969.7617    9607.5645    9811.9395
    398.6000   10371.8447   12388.7412    9966.5488    9595.9365    9792.5488
    398.7000   10373.9932   12386.8818    9966.5713    9611.2979    9777.4463
    398.8000   10378.2295   12366.1113    9975.4014    9606.4150    9776.1543
    398.9000   10375.4307   12356.6787    9974.9102    9603.2480    9780.6162
    399.0000   10378.2588   12340.3477    9988.3584    9598.4258    9771.3350
    399.1000   10369.4131   12344.1562    9991.8750    9599.1758    9771.1572
    399.2000   10366.4697   12341.8428    9988.0811    9602.1846    9779.9678
    399.3000   10363.8125   12336.1182   10002.3984    9590.7734    9783.1514
    399.4000   10345.0732   12344.0439   10000.3584    9581.7539    9790.7109
    399.5000   10340.1689   12336.9883   10001.4697    9580.6631    9793.7070
    399.6000   10347.3662   12342.8135    9992.7773    9583.5127    9790.3730
    399.7000   10354.6318   12339.3447    9979.3057    9579.6016    9800.9512
    399.8000   10359.9209   12345.7451    9989.9795    9580.1641    9818.1895
    399.9000   10363.3018   12352.8838    9977.7812    9589.6182    9842.0186
    400.0000   10379.6602   12358.6211    9976.1768    9592.7793    9856.6133
